Frame,Timestamp,Garbage_Type,Severity,Confidence,Latitude,Longitude,Road_Segment,Bus_ID,Action_Required
18,2026-09-14 09:20:43,OVERFLOWING ROADSIDE WASTE DUMPING,HIGH,0.91,26.758649,83.369817,Gorakhpur Railway Station -> Golghar Commercial Center,UPSRTC-UP53-8821,Municipal Sanitation Crew & Swachh Bharat Compactor Dispatch
36,2026-09-14 09:20:44,COMMERCIAL LITTER ACCUMULATION,MEDIUM,0.91,26.758211,83.370159,Gorakhpur Railway Station -> Golghar Commercial Center,UPSRTC-UP53-8821,Municipal Sanitation Crew & Swachh Bharat Compactor Dispatch
54,2026-09-14 09:20:45,COMMERCIAL LITTER ACCUMULATION,MEDIUM,0.91,26.757523,83.370695,Gorakhpur Railway Station -> Golghar Commercial Center,UPSRTC-UP53-8821,Municipal Sanitation Crew & Swachh Bharat Compactor Dispatch
72,2026-09-14 09:20:46,OVERFLOWING ROADSIDE WASTE DUMPING,HIGH,0.91,26.756647,83.371378,Gorakhpur Railway Station -> Golghar Commercial Center,UPSRTC-UP53-8821,Municipal Sanitation Crew & Swachh Bharat Compactor Dispatch
90,2026-09-14 09:20:48,OVERFLOWING ROADSIDE WASTE DUMPING,HIGH,0.91,26.755661,83.372147,Gorakhpur Railway Station -> Golghar Commercial Center,UPSRTC-UP53-8821,Municipal Sanitation Crew & Swachh Bharat Compactor Dispatch
108,2026-09-14 09:20:49,OVERFLOWING ROADSIDE WASTE DUMPING,HIGH,0.91,26.754651,83.372934,Gorakhpur Railway Station -> Golghar Commercial Center,UPSRTC-UP53-8821,Municipal Sanitation Crew & Swachh Bharat Compactor Dispatch
126,2026-09-14 09:20:50,OVERFLOWING ROADSIDE WASTE DUMPING,HIGH,0.91,26.753708,83.373669,Gorakhpur Railway Station -> Golghar Commercial Center,UPSRTC-UP53-8821,Municipal Sanitation Crew & Swachh Bharat Compactor Dispatch
144,2026-09-14 09:20:51,COMMERCIAL LITTER ACCUMULATION,MEDIUM,0.91,26.752915,83.374287,Gorakhpur Railway Station -> Golghar Commercial Center,UPSRTC-UP53-8821,Municipal Sanitation Crew & Swachh Bharat Compactor Dispatch
162,2026-09-14 09:20:52,OVERFLOWING ROADSIDE WASTE DUMPING,HIGH,0.91,26.752342,83.374733,Gorakhpur Railway Station -> Golghar Commercial Center,UPSRTC-UP53-8821,Municipal Sanitation Crew & Swachh Bharat Compactor Dispatch
180,2026-09-14 09:20:53,OVERFLOWING ROADSIDE WASTE DUMPING,HIGH,0.91,26.75204,83.374969,Gorakhpur Railway Station -> Golghar Commercial Center,UPSRTC-UP53-8821,Municipal Sanitation Crew & Swachh Bharat Compactor Dispatch
198,2026-09-14 09:20:54,OVERFLOWING ROADSIDE WASTE DUMPING,HIGH,0.91,26.751963,83.375058,Golghar Commercial Center -> Civil Lines / Commissioner Office,UPSRTC-UP53-8821,Municipal Sanitation Crew & Swachh Bharat Compactor Dispatch
216,2026-09-14 09:20:55,COMMERCIAL LITTER ACCUMULATION,MEDIUM,0.91,26.751661,83.375533,Golghar Commercial Center -> Civil Lines / Commissioner Office,UPSRTC-UP53-8821,Municipal Sanitation Crew & Swachh Bharat Compactor Dispatch
234,2026-09-14 09:20:56,COMMERCIAL LITTER ACCUMULATION,MEDIUM,0.91,26.751078,83.376449,Golghar Commercial Center -> Civil Lines / Commissioner Office,UPSRTC-UP53-8821,Municipal Sanitation Crew & Swachh Bharat Compactor Dispatch
252,2026-09-14 09:20:57,OVERFLOWING ROADSIDE WASTE DUMPING,HIGH,0.91,26.750267,83.377724,Golghar Commercial Center -> Civil Lines / Commissioner Office,UPSRTC-UP53-8821,Municipal Sanitation Crew & Swachh Bharat Compactor Dispatch
270,2026-09-14 09:20:58,OVERFLOWING ROADSIDE WASTE DUMPING,HIGH,0.91,26.749299,83.379244,Golghar Commercial Center -> Civil Lines / Commissioner Office,UPSRTC-UP53-8821,Municipal Sanitation Crew & Swachh Bharat Compactor Dispatch
288,2026-09-14 09:20:59,OVERFLOWING ROADSIDE WASTE DUMPING,HIGH,0.91,26.748261,83.380876,Golghar Commercial Center -> Civil Lines / Commissioner Office,UPSRTC-UP53-8821,Municipal Sanitation Crew & Swachh Bharat Compactor Dispatch
306,2026-09-14 09:21:00,OVERFLOWING ROADSIDE WASTE DUMPING,HIGH,0.91,26.747243,83.382475,Golghar Commercial Center -> Civil Lines / Commissioner Office,UPSRTC-UP53-8821,Municipal Sanitation Crew & Swachh Bharat Compactor Dispatch
324,2026-09-14 09:21:00,OVERFLOWING ROADSIDE WASTE DUMPING,HIGH,0.91,26.746337,83.383899,Golghar Commercial Center -> Civil Lines / Commissioner Office,UPSRTC-UP53-8821,Municipal Sanitation Crew & Swachh Bharat Compactor Dispatch
342,2026-09-14 09:21:02,OVERFLOWING ROADSIDE WASTE DUMPING,HIGH,0.91,26.745623,83.385021,Golghar Commercial Center -> Civil Lines / Commissioner Office,UPSRTC-UP53-8821,Municipal Sanitation Crew & Swachh Bharat Compactor Dispatch
396,2026-09-14 09:21:04,COMMERCIAL LITTER ACCUMULATION,MEDIUM,0.91,26.744866,83.386251,Civil Lines / Commissioner Office -> Mohaddipur Chauraha,UPSRTC-UP53-8821,Municipal Sanitation Crew & Swachh Bharat Compactor Dispatch
414,2026-09-14 09:21:05,OVERFLOWING ROADSIDE WASTE DUMPING,HIGH,0.91,26.74446,83.387012,Civil Lines / Commissioner Office -> Mohaddipur Chauraha,UPSRTC-UP53-8821,Municipal Sanitation Crew & Swachh Bharat Compactor Dispatch
432,2026-09-14 09:21:06,OVERFLOWING ROADSIDE WASTE DUMPING,HIGH,0.91,26.743819,83.388215,Civil Lines / Commissioner Office -> Mohaddipur Chauraha,UPSRTC-UP53-8821,Municipal Sanitation Crew & Swachh Bharat Compactor Dispatch
450,2026-09-14 09:21:07,OVERFLOWING ROADSIDE WASTE DUMPING,HIGH,0.91,26.742998,83.389753,Civil Lines / Commissioner Office -> Mohaddipur Chauraha,UPSRTC-UP53-8821,Municipal Sanitation Crew & Swachh Bharat Compactor Dispatch
468,2026-09-14 09:21:08,OVERFLOWING ROADSIDE WASTE DUMPING,HIGH,0.91,26.742072,83.39149,Civil Lines / Commissioner Office -> Mohaddipur Chauraha,UPSRTC-UP53-8821,Municipal Sanitation Crew & Swachh Bharat Compactor Dispatch
486,2026-09-14 09:21:09,COMMERCIAL LITTER ACCUMULATION,MEDIUM,0.91,26.741121,83.393273,Civil Lines / Commissioner Office -> Mohaddipur Chauraha,UPSRTC-UP53-8821,Municipal Sanitation Crew & Swachh Bharat Compactor Dispatch
504,2026-09-14 09:21:10,OVERFLOWING ROADSIDE WASTE DUMPING,HIGH,0.91,26.740231,83.394942,Civil Lines / Commissioner Office -> Mohaddipur Chauraha,UPSRTC-UP53-8821,Municipal Sanitation Crew & Swachh Bharat Compactor Dispatch
522,2026-09-14 09:21:11,COMMERCIAL LITTER ACCUMULATION,MEDIUM,0.91,26.739479,83.396351,Civil Lines / Commissioner Office -> Mohaddipur Chauraha,UPSRTC-UP53-8821,Municipal Sanitation Crew & Swachh Bharat Compactor Dispatch
540,2026-09-14 09:21:12,COMMERCIAL LITTER ACCUMULATION,MEDIUM,0.91,26.738934,83.397375,Civil Lines / Commissioner Office -> Mohaddipur Chauraha,UPSRTC-UP53-8821,Municipal Sanitation Crew & Swachh Bharat Compactor Dispatch
576,2026-09-14 09:21:14,COMMERCIAL LITTER ACCUMULATION,MEDIUM,0.91,26.73852,83.398094,Mohaddipur Chauraha -> AIIMS Gorakhpur Transit Stop,UPSRTC-UP53-8821,Municipal Sanitation Crew & Swachh Bharat Compactor Dispatch
594,2026-09-14 09:21:14,COMMERCIAL LITTER ACCUMULATION,MEDIUM,0.91,26.737801,83.398934,Mohaddipur Chauraha -> AIIMS Gorakhpur Transit Stop,UPSRTC-UP53-8821,Municipal Sanitation Crew & Swachh Bharat Compactor Dispatch
612,2026-09-14 09:21:15,COMMERCIAL LITTER ACCUMULATION,MEDIUM,0.91,26.736395,83.400579,Mohaddipur Chauraha -> AIIMS Gorakhpur Transit Stop,UPSRTC-UP53-8821,Municipal Sanitation Crew & Swachh Bharat Compactor Dispatch
648,2026-09-14 09:21:17,OVERFLOWING ROADSIDE WASTE DUMPING,HIGH,0.91,26.732071,83.405636,Mohaddipur Chauraha -> AIIMS Gorakhpur Transit Stop,UPSRTC-UP53-8821,Municipal Sanitation Crew & Swachh Bharat Compactor Dispatch
666,2026-09-14 09:21:18,OVERFLOWING ROADSIDE WASTE DUMPING,HIGH,0.91,26.729536,83.408601,Mohaddipur Chauraha -> AIIMS Gorakhpur Transit Stop,UPSRTC-UP53-8821,Municipal Sanitation Crew & Swachh Bharat Compactor Dispatch
684,2026-09-14 09:21:19,COMMERCIAL LITTER ACCUMULATION,MEDIUM,0.91,26.727046,83.411513,Mohaddipur Chauraha -> AIIMS Gorakhpur Transit Stop,UPSRTC-UP53-8821,Municipal Sanitation Crew & Swachh Bharat Compactor Dispatch
702,2026-09-14 09:21:20,OVERFLOWING ROADSIDE WASTE DUMPING,HIGH,0.91,26.724823,83.414114,Mohaddipur Chauraha -> AIIMS Gorakhpur Transit Stop,UPSRTC-UP53-8821,Municipal Sanitation Crew & Swachh Bharat Compactor Dispatch
720,2026-09-14 09:21:20,OVERFLOWING ROADSIDE WASTE DUMPING,HIGH,0.91,26.723063,83.416172,Mohaddipur Chauraha -> AIIMS Gorakhpur Transit Stop,UPSRTC-UP53-8821,Municipal Sanitation Crew & Swachh Bharat Compactor Dispatch
738,2026-09-14 09:21:21,OVERFLOWING ROADSIDE WASTE DUMPING,HIGH,0.91,26.721922,83.417507,Mohaddipur Chauraha -> AIIMS Gorakhpur Transit Stop,UPSRTC-UP53-8821,Municipal Sanitation Crew & Swachh Bharat Compactor Dispatch
756,2026-09-14 09:21:22,OVERFLOWING ROADSIDE WASTE DUMPING,HIGH,0.91,26.721501,83.417999,Mohaddipur Chauraha -> AIIMS Gorakhpur Transit Stop,UPSRTC-UP53-8821,Municipal Sanitation Crew & Swachh Bharat Compactor Dispatch
