Frame,Timestamp,Detection,Confidence,Estimated_Depth_cm,Severity,Area_px,X1,Y1,X2,Y2,Source,Latitude,Longitude,Road_Segment,Bus_ID,Action_Required
9,2026-09-14 09:20:42,POTHOLE,0.9,14.5,CRITICAL,3313,304,227,373,331,SURFACE_CAVITY_AI,26.758762,83.36973,Gorakhpur Railway Station -> Golghar Commercial Center,UPSRTC-UP53-8821,Asphalt Cold-Mix Repair (PWD/NHAI)
9,2026-09-14 09:20:42,POTHOLE,0.87,14.5,CRITICAL,2745,307,322,376,403,SURFACE_CAVITY_AI,26.758762,83.36973,Gorakhpur Railway Station -> Golghar Commercial Center,UPSRTC-UP53-8821,Asphalt Cold-Mix Repair (PWD/NHAI)
9,2026-09-14 09:20:42,POTHOLE,0.74,2.9,MEDIUM,76,310,306,338,328,SURFACE_CAVITY_AI,26.758762,83.36973,Gorakhpur Railway Station -> Golghar Commercial Center,UPSRTC-UP53-8821,Asphalt Cold-Mix Repair (PWD/NHAI)
9,2026-09-14 09:20:42,POTHOLE,0.74,2.7,MEDIUM,40,92,256,111,268,SURFACE_CAVITY_AI,26.758762,83.36973,Gorakhpur Railway Station -> Golghar Commercial Center,UPSRTC-UP53-8821,Asphalt Cold-Mix Repair (PWD/NHAI)
18,2026-09-14 09:20:43,POTHOLE,0.83,11.3,CRITICAL,1765,307,278,376,388,SURFACE_CAVITY_AI,26.758649,83.369817,Gorakhpur Railway Station -> Golghar Commercial Center,UPSRTC-UP53-8821,Asphalt Cold-Mix Repair (PWD/NHAI)
18,2026-09-14 09:20:43,POTHOLE,0.75,3.7,MEDIUM,246,167,235,212,248,SURFACE_CAVITY_AI,26.758649,83.369817,Gorakhpur Railway Station -> Golghar Commercial Center,UPSRTC-UP53-8821,Asphalt Cold-Mix Repair (PWD/NHAI)
18,2026-09-14 09:20:43,POTHOLE,0.74,2.7,MEDIUM,48,271,204,288,212,SURFACE_CAVITY_AI,26.758649,83.369817,Gorakhpur Railway Station -> Golghar Commercial Center,UPSRTC-UP53-8821,Asphalt Cold-Mix Repair (PWD/NHAI)
18,2026-09-14 09:20:43,POTHOLE,0.75,3.8,MEDIUM,268,307,377,334,401,SURFACE_CAVITY_AI,26.758649,83.369817,Gorakhpur Railway Station -> Golghar Commercial Center,UPSRTC-UP53-8821,Asphalt Cold-Mix Repair (PWD/NHAI)
27,2026-09-14 09:20:44,POTHOLE,0.78,7.0,CRITICAL,908,326,297,374,341,SURFACE_CAVITY_AI,26.758464,83.369962,Gorakhpur Railway Station -> Golghar Commercial Center,UPSRTC-UP53-8821,Asphalt Cold-Mix Repair (PWD/NHAI)
27,2026-09-14 09:20:44,POTHOLE,0.74,2.9,MEDIUM,73,77,254,92,268,SURFACE_CAVITY_AI,26.758464,83.369962,Gorakhpur Railway Station -> Golghar Commercial Center,UPSRTC-UP53-8821,Asphalt Cold-Mix Repair (PWD/NHAI)
36,2026-09-14 09:20:44,POTHOLE,0.81,9.6,CRITICAL,1417,307,276,373,326,SURFACE_CAVITY_AI,26.758211,83.370159,Gorakhpur Railway Station -> Golghar Commercial Center,UPSRTC-UP53-8821,Asphalt Cold-Mix Repair (PWD/NHAI)
36,2026-09-14 09:20:44,POTHOLE,0.75,3.6,MEDIUM,228,14,204,43,234,SURFACE_CAVITY_AI,26.758211,83.370159,Gorakhpur Railway Station -> Golghar Commercial Center,UPSRTC-UP53-8821,Asphalt Cold-Mix Repair (PWD/NHAI)
36,2026-09-14 09:20:44,POTHOLE,0.75,3.6,MEDIUM,214,351,357,375,391,SURFACE_CAVITY_AI,26.758211,83.370159,Gorakhpur Railway Station -> Golghar Commercial Center,UPSRTC-UP53-8821,Asphalt Cold-Mix Repair (PWD/NHAI)
36,2026-09-14 09:20:44,POTHOLE,0.75,3.3,MEDIUM,159,324,382,349,401,SURFACE_CAVITY_AI,26.758211,83.370159,Gorakhpur Railway Station -> Golghar Commercial Center,UPSRTC-UP53-8821,Asphalt Cold-Mix Repair (PWD/NHAI)
45,2026-09-14 09:20:45,POTHOLE,0.74,2.7,MEDIUM,37,41,261,59,268,SURFACE_CAVITY_AI,26.757895,83.370406,Gorakhpur Railway Station -> Golghar Commercial Center,UPSRTC-UP53-8821,Asphalt Cold-Mix Repair (PWD/NHAI)
45,2026-09-14 09:20:45,POTHOLE,0.74,2.7,MEDIUM,46,312,361,324,375,SURFACE_CAVITY_AI,26.757895,83.370406,Gorakhpur Railway Station -> Golghar Commercial Center,UPSRTC-UP53-8821,Asphalt Cold-Mix Repair (PWD/NHAI)
54,2026-09-14 09:20:45,POTHOLE,0.74,2.7,MEDIUM,40,314,385,321,403,SURFACE_CAVITY_AI,26.757523,83.370695,Gorakhpur Railway Station -> Golghar Commercial Center,UPSRTC-UP53-8821,Asphalt Cold-Mix Repair (PWD/NHAI)
54,2026-09-14 09:20:45,POTHOLE,0.75,3.0,MEDIUM,105,328,359,341,399,SURFACE_CAVITY_AI,26.757523,83.370695,Gorakhpur Railway Station -> Golghar Commercial Center,UPSRTC-UP53-8821,Asphalt Cold-Mix Repair (PWD/NHAI)
54,2026-09-14 09:20:45,POTHOLE,0.75,3.1,MEDIUM,129,336,330,374,348,SURFACE_CAVITY_AI,26.757523,83.370695,Gorakhpur Railway Station -> Golghar Commercial Center,UPSRTC-UP53-8821,Asphalt Cold-Mix Repair (PWD/NHAI)
54,2026-09-14 09:20:45,POTHOLE,0.74,2.8,MEDIUM,54,139,231,151,242,SURFACE_CAVITY_AI,26.757523,83.370695,Gorakhpur Railway Station -> Golghar Commercial Center,UPSRTC-UP53-8821,Asphalt Cold-Mix Repair (PWD/NHAI)
63,2026-09-14 09:20:46,POTHOLE,0.84,12.3,CRITICAL,1962,13,204,93,268,SURFACE_CAVITY_AI,26.757104,83.371022,Gorakhpur Railway Station -> Golghar Commercial Center,UPSRTC-UP53-8821,Asphalt Cold-Mix Repair (PWD/NHAI)
63,2026-09-14 09:20:46,POTHOLE,0.76,4.8,HIGH,470,214,230,251,267,SURFACE_CAVITY_AI,26.757104,83.371022,Gorakhpur Railway Station -> Golghar Commercial Center,UPSRTC-UP53-8821,Asphalt Cold-Mix Repair (PWD/NHAI)
63,2026-09-14 09:20:46,POTHOLE,0.8,8.7,CRITICAL,1233,307,295,375,381,SURFACE_CAVITY_AI,26.757104,83.371022,Gorakhpur Railway Station -> Golghar Commercial Center,UPSRTC-UP53-8821,Asphalt Cold-Mix Repair (PWD/NHAI)
63,2026-09-14 09:20:46,POTHOLE,0.74,2.7,MEDIUM,35,181,252,190,264,SURFACE_CAVITY_AI,26.757104,83.371022,Gorakhpur Railway Station -> Golghar Commercial Center,UPSRTC-UP53-8821,Asphalt Cold-Mix Repair (PWD/NHAI)
72,2026-09-14 09:20:46,POTHOLE,0.82,10.8,CRITICAL,1652,307,364,376,403,SURFACE_CAVITY_AI,26.756647,83.371378,Gorakhpur Railway Station -> Golghar Commercial Center,UPSRTC-UP53-8821,Asphalt Cold-Mix Repair (PWD/NHAI)
72,2026-09-14 09:20:46,POTHOLE,0.79,7.5,CRITICAL,992,307,275,350,363,SURFACE_CAVITY_AI,26.756647,83.371378,Gorakhpur Railway Station -> Golghar Commercial Center,UPSRTC-UP53-8821,Asphalt Cold-Mix Repair (PWD/NHAI)
81,2026-09-14 09:20:47,POTHOLE,0.89,14.5,CRITICAL,2980,162,204,301,268,SURFACE_CAVITY_AI,26.756162,83.371756,Gorakhpur Railway Station -> Golghar Commercial Center,UPSRTC-UP53-8821,Asphalt Cold-Mix Repair (PWD/NHAI)
81,2026-09-14 09:20:47,POTHOLE,0.86,14.3,CRITICAL,2359,13,204,87,268,SURFACE_CAVITY_AI,26.756162,83.371756,Gorakhpur Railway Station -> Golghar Commercial Center,UPSRTC-UP53-8821,Asphalt Cold-Mix Repair (PWD/NHAI)
81,2026-09-14 09:20:47,POTHOLE,0.75,4.0,HIGH,306,136,241,173,268,SURFACE_CAVITY_AI,26.756162,83.371756,Gorakhpur Railway Station -> Golghar Commercial Center,UPSRTC-UP53-8821,Asphalt Cold-Mix Repair (PWD/NHAI)
81,2026-09-14 09:20:47,POTHOLE,0.75,3.6,MEDIUM,225,277,249,307,268,SURFACE_CAVITY_AI,26.756162,83.371756,Gorakhpur Railway Station -> Golghar Commercial Center,UPSRTC-UP53-8821,Asphalt Cold-Mix Repair (PWD/NHAI)
90,2026-09-14 09:20:48,POTHOLE,0.75,3.1,MEDIUM,114,337,204,369,220,SURFACE_CAVITY_AI,26.755661,83.372147,Gorakhpur Railway Station -> Golghar Commercial Center,UPSRTC-UP53-8821,Asphalt Cold-Mix Repair (PWD/NHAI)
99,2026-09-14 09:20:48,POTHOLE,0.77,5.9,HIGH,671,306,204,369,238,SURFACE_CAVITY_AI,26.755153,83.372542,Gorakhpur Railway Station -> Golghar Commercial Center,UPSRTC-UP53-8821,Asphalt Cold-Mix Repair (PWD/NHAI)
99,2026-09-14 09:20:48,POTHOLE,0.75,3.7,MEDIUM,234,307,383,334,403,SURFACE_CAVITY_AI,26.755153,83.372542,Gorakhpur Railway Station -> Golghar Commercial Center,UPSRTC-UP53-8821,Asphalt Cold-Mix Repair (PWD/NHAI)
99,2026-09-14 09:20:48,POTHOLE,0.75,3.2,MEDIUM,147,248,204,275,219,SURFACE_CAVITY_AI,26.755153,83.372542,Gorakhpur Railway Station -> Golghar Commercial Center,UPSRTC-UP53-8821,Asphalt Cold-Mix Repair (PWD/NHAI)
99,2026-09-14 09:20:48,POTHOLE,0.74,2.7,MEDIUM,48,222,210,240,220,SURFACE_CAVITY_AI,26.755153,83.372542,Gorakhpur Railway Station -> Golghar Commercial Center,UPSRTC-UP53-8821,Asphalt Cold-Mix Repair (PWD/NHAI)
108,2026-09-14 09:20:49,POTHOLE,0.74,2.8,MEDIUM,69,355,205,369,215,SURFACE_CAVITY_AI,26.754651,83.372934,Gorakhpur Railway Station -> Golghar Commercial Center,UPSRTC-UP53-8821,Asphalt Cold-Mix Repair (PWD/NHAI)
108,2026-09-14 09:20:49,POTHOLE,0.74,2.7,MEDIUM,34,362,219,370,233,SURFACE_CAVITY_AI,26.754651,83.372934,Gorakhpur Railway Station -> Golghar Commercial Center,UPSRTC-UP53-8821,Asphalt Cold-Mix Repair (PWD/NHAI)
117,2026-09-14 09:20:49,POTHOLE,0.78,7.1,CRITICAL,913,331,291,375,356,SURFACE_CAVITY_AI,26.754166,83.373312,Gorakhpur Railway Station -> Golghar Commercial Center,UPSRTC-UP53-8821,Asphalt Cold-Mix Repair (PWD/NHAI)
117,2026-09-14 09:20:49,POTHOLE,0.77,5.8,HIGH,669,303,221,352,271,SURFACE_CAVITY_AI,26.754166,83.373312,Gorakhpur Railway Station -> Golghar Commercial Center,UPSRTC-UP53-8821,Asphalt Cold-Mix Repair (PWD/NHAI)
117,2026-09-14 09:20:49,POTHOLE,0.77,5.6,HIGH,614,322,365,376,403,SURFACE_CAVITY_AI,26.754166,83.373312,Gorakhpur Railway Station -> Golghar Commercial Center,UPSRTC-UP53-8821,Asphalt Cold-Mix Repair (PWD/NHAI)
117,2026-09-14 09:20:49,POTHOLE,0.75,3.3,MEDIUM,151,286,257,318,268,SURFACE_CAVITY_AI,26.754166,83.373312,Gorakhpur Railway Station -> Golghar Commercial Center,UPSRTC-UP53-8821,Asphalt Cold-Mix Repair (PWD/NHAI)
126,2026-09-14 09:20:50,POTHOLE,0.79,7.2,CRITICAL,943,307,314,357,353,SURFACE_CAVITY_AI,26.753708,83.373669,Gorakhpur Railway Station -> Golghar Commercial Center,UPSRTC-UP53-8821,Asphalt Cold-Mix Repair (PWD/NHAI)
126,2026-09-14 09:20:50,POTHOLE,0.75,3.8,MEDIUM,258,307,273,340,294,SURFACE_CAVITY_AI,26.753708,83.373669,Gorakhpur Railway Station -> Golghar Commercial Center,UPSRTC-UP53-8821,Asphalt Cold-Mix Repair (PWD/NHAI)
126,2026-09-14 09:20:50,POTHOLE,0.75,3.2,MEDIUM,145,15,206,40,225,SURFACE_CAVITY_AI,26.753708,83.373669,Gorakhpur Railway Station -> Golghar Commercial Center,UPSRTC-UP53-8821,Asphalt Cold-Mix Repair (PWD/NHAI)
126,2026-09-14 09:20:50,POTHOLE,0.75,3.5,MEDIUM,197,343,266,372,289,SURFACE_CAVITY_AI,26.753708,83.373669,Gorakhpur Railway Station -> Golghar Commercial Center,UPSRTC-UP53-8821,Asphalt Cold-Mix Repair (PWD/NHAI)
135,2026-09-14 09:20:50,POTHOLE,0.78,6.3,CRITICAL,765,151,245,231,268,SURFACE_CAVITY_AI,26.753288,83.373996,Gorakhpur Railway Station -> Golghar Commercial Center,UPSRTC-UP53-8821,Asphalt Cold-Mix Repair (PWD/NHAI)
135,2026-09-14 09:20:50,POTHOLE,0.77,6.0,CRITICAL,696,91,204,193,236,SURFACE_CAVITY_AI,26.753288,83.373996,Gorakhpur Railway Station -> Golghar Commercial Center,UPSRTC-UP53-8821,Asphalt Cold-Mix Repair (PWD/NHAI)
135,2026-09-14 09:20:50,POTHOLE,0.76,4.2,HIGH,341,250,246,288,268,SURFACE_CAVITY_AI,26.753288,83.373996,Gorakhpur Railway Station -> Golghar Commercial Center,UPSRTC-UP53-8821,Asphalt Cold-Mix Repair (PWD/NHAI)
135,2026-09-14 09:20:50,POTHOLE,0.75,3.2,MEDIUM,132,13,256,39,268,SURFACE_CAVITY_AI,26.753288,83.373996,Gorakhpur Railway Station -> Golghar Commercial Center,UPSRTC-UP53-8821,Asphalt Cold-Mix Repair (PWD/NHAI)
144,2026-09-14 09:20:51,POTHOLE,0.74,3.0,MEDIUM,96,338,261,371,272,SURFACE_CAVITY_AI,26.752915,83.374287,Gorakhpur Railway Station -> Golghar Commercial Center,UPSRTC-UP53-8821,Asphalt Cold-Mix Repair (PWD/NHAI)
144,2026-09-14 09:20:51,POTHOLE,0.74,2.7,MEDIUM,37,221,232,237,244,SURFACE_CAVITY_AI,26.752915,83.374287,Gorakhpur Railway Station -> Golghar Commercial Center,UPSRTC-UP53-8821,Asphalt Cold-Mix Repair (PWD/NHAI)
144,2026-09-14 09:20:51,POTHOLE,0.74,2.8,MEDIUM,51,19,222,30,234,SURFACE_CAVITY_AI,26.752915,83.374287,Gorakhpur Railway Station -> Golghar Commercial Center,UPSRTC-UP53-8821,Asphalt Cold-Mix Repair (PWD/NHAI)
144,2026-09-14 09:20:51,POTHOLE,0.74,2.8,MEDIUM,66,339,282,362,295,SURFACE_CAVITY_AI,26.752915,83.374287,Gorakhpur Railway Station -> Golghar Commercial Center,UPSRTC-UP53-8821,Asphalt Cold-Mix Repair (PWD/NHAI)
153,2026-09-14 09:20:51,POTHOLE,0.86,14.4,CRITICAL,2370,300,204,371,262,SURFACE_CAVITY_AI,26.752597,83.374535,Gorakhpur Railway Station -> Golghar Commercial Center,UPSRTC-UP53-8821,Asphalt Cold-Mix Repair (PWD/NHAI)
153,2026-09-14 09:20:51,POTHOLE,0.83,11.3,CRITICAL,1751,13,204,96,267,SURFACE_CAVITY_AI,26.752597,83.374535,Gorakhpur Railway Station -> Golghar Commercial Center,UPSRTC-UP53-8821,Asphalt Cold-Mix Repair (PWD/NHAI)
153,2026-09-14 09:20:51,POTHOLE,0.8,9.0,CRITICAL,1307,307,344,375,403,SURFACE_CAVITY_AI,26.752597,83.374535,Gorakhpur Railway Station -> Golghar Commercial Center,UPSRTC-UP53-8821,Asphalt Cold-Mix Repair (PWD/NHAI)
153,2026-09-14 09:20:51,POTHOLE,0.77,5.4,HIGH,576,144,235,195,268,SURFACE_CAVITY_AI,26.752597,83.374535,Gorakhpur Railway Station -> Golghar Commercial Center,UPSRTC-UP53-8821,Asphalt Cold-Mix Repair (PWD/NHAI)
162,2026-09-14 09:20:52,POTHOLE,0.87,14.5,CRITICAL,2616,242,204,371,264,SURFACE_CAVITY_AI,26.752342,83.374733,Gorakhpur Railway Station -> Golghar Commercial Center,UPSRTC-UP53-8821,Asphalt Cold-Mix Repair (PWD/NHAI)
162,2026-09-14 09:20:52,POTHOLE,0.87,14.5,CRITICAL,2638,13,205,180,268,SURFACE_CAVITY_AI,26.752342,83.374733,Gorakhpur Railway Station -> Golghar Commercial Center,UPSRTC-UP53-8821,Asphalt Cold-Mix Repair (PWD/NHAI)
162,2026-09-14 09:20:52,POTHOLE,0.76,4.3,HIGH,356,115,204,177,226,SURFACE_CAVITY_AI,26.752342,83.374733,Gorakhpur Railway Station -> Golghar Commercial Center,UPSRTC-UP53-8821,Asphalt Cold-Mix Repair (PWD/NHAI)
162,2026-09-14 09:20:52,POTHOLE,0.74,2.8,MEDIUM,56,209,210,232,217,SURFACE_CAVITY_AI,26.752342,83.374733,Gorakhpur Railway Station -> Golghar Commercial Center,UPSRTC-UP53-8821,Asphalt Cold-Mix Repair (PWD/NHAI)
171,2026-09-14 09:20:52,POTHOLE,0.79,7.2,CRITICAL,944,179,204,273,238,SURFACE_CAVITY_AI,26.752155,83.374879,Gorakhpur Railway Station -> Golghar Commercial Center,UPSRTC-UP53-8821,Asphalt Cold-Mix Repair (PWD/NHAI)
171,2026-09-14 09:20:52,POTHOLE,0.74,2.7,MEDIUM,40,145,204,169,223,SURFACE_CAVITY_AI,26.752155,83.374879,Gorakhpur Railway Station -> Golghar Commercial Center,UPSRTC-UP53-8821,Asphalt Cold-Mix Repair (PWD/NHAI)
171,2026-09-14 09:20:52,POTHOLE,0.75,3.6,MEDIUM,225,134,222,181,250,SURFACE_CAVITY_AI,26.752155,83.374879,Gorakhpur Railway Station -> Golghar Commercial Center,UPSRTC-UP53-8821,Asphalt Cold-Mix Repair (PWD/NHAI)
171,2026-09-14 09:20:52,POTHOLE,0.74,2.9,MEDIUM,84,133,243,162,258,SURFACE_CAVITY_AI,26.752155,83.374879,Gorakhpur Railway Station -> Golghar Commercial Center,UPSRTC-UP53-8821,Asphalt Cold-Mix Repair (PWD/NHAI)
180,2026-09-14 09:20:53,POTHOLE,0.78,6.9,CRITICAL,886,160,214,268,255,SURFACE_CAVITY_AI,26.75204,83.374969,Gorakhpur Railway Station -> Golghar Commercial Center,UPSRTC-UP53-8821,Asphalt Cold-Mix Repair (PWD/NHAI)
180,2026-09-14 09:20:53,POTHOLE,0.74,2.7,MEDIUM,49,172,256,208,268,SURFACE_CAVITY_AI,26.75204,83.374969,Gorakhpur Railway Station -> Golghar Commercial Center,UPSRTC-UP53-8821,Asphalt Cold-Mix Repair (PWD/NHAI)
180,2026-09-14 09:20:53,POTHOLE,0.74,2.8,MEDIUM,51,138,205,155,215,SURFACE_CAVITY_AI,26.75204,83.374969,Gorakhpur Railway Station -> Golghar Commercial Center,UPSRTC-UP53-8821,Asphalt Cold-Mix Repair (PWD/NHAI)
180,2026-09-14 09:20:53,POTHOLE,0.74,2.9,MEDIUM,77,331,280,351,291,SURFACE_CAVITY_AI,26.75204,83.374969,Gorakhpur Railway Station -> Golghar Commercial Center,UPSRTC-UP53-8821,Asphalt Cold-Mix Repair (PWD/NHAI)
189,2026-09-14 09:20:53,POTHOLE,0.84,12.8,CRITICAL,2056,186,204,372,288,SURFACE_CAVITY_AI,26.752,83.375,Gorakhpur Railway Station -> Golghar Commercial Center,UPSRTC-UP53-8821,Asphalt Cold-Mix Repair (PWD/NHAI)
189,2026-09-14 09:20:53,POTHOLE,0.75,3.0,MEDIUM,106,335,229,367,240,SURFACE_CAVITY_AI,26.752,83.375,Gorakhpur Railway Station -> Golghar Commercial Center,UPSRTC-UP53-8821,Asphalt Cold-Mix Repair (PWD/NHAI)
189,2026-09-14 09:20:53,POTHOLE,0.75,3.9,MEDIUM,282,308,284,363,301,SURFACE_CAVITY_AI,26.752,83.375,Gorakhpur Railway Station -> Golghar Commercial Center,UPSRTC-UP53-8821,Asphalt Cold-Mix Repair (PWD/NHAI)
189,2026-09-14 09:20:53,POTHOLE,0.75,3.2,MEDIUM,135,307,319,335,330,SURFACE_CAVITY_AI,26.752,83.375,Gorakhpur Railway Station -> Golghar Commercial Center,UPSRTC-UP53-8821,Asphalt Cold-Mix Repair (PWD/NHAI)
198,2026-09-14 09:20:54,POTHOLE,0.79,7.6,CRITICAL,1013,260,209,337,253,SURFACE_CAVITY_AI,26.751963,83.375058,Golghar Commercial Center -> Civil Lines / Commissioner Office,UPSRTC-UP53-8821,Asphalt Cold-Mix Repair (PWD/NHAI)
198,2026-09-14 09:20:54,POTHOLE,0.78,6.2,CRITICAL,739,316,291,373,345,SURFACE_CAVITY_AI,26.751963,83.375058,Golghar Commercial Center -> Civil Lines / Commissioner Office,UPSRTC-UP53-8821,Asphalt Cold-Mix Repair (PWD/NHAI)
198,2026-09-14 09:20:54,POTHOLE,0.74,2.7,MEDIUM,34,16,239,23,251,SURFACE_CAVITY_AI,26.751963,83.375058,Golghar Commercial Center -> Civil Lines / Commissioner Office,UPSRTC-UP53-8821,Asphalt Cold-Mix Repair (PWD/NHAI)
198,2026-09-14 09:20:54,POTHOLE,0.75,3.2,MEDIUM,150,349,362,375,380,SURFACE_CAVITY_AI,26.751963,83.375058,Golghar Commercial Center -> Civil Lines / Commissioner Office,UPSRTC-UP53-8821,Asphalt Cold-Mix Repair (PWD/NHAI)
207,2026-09-14 09:20:54,POTHOLE,0.77,5.8,HIGH,663,296,234,371,275,SURFACE_CAVITY_AI,26.751849,83.375237,Golghar Commercial Center -> Civil Lines / Commissioner Office,UPSRTC-UP53-8821,Asphalt Cold-Mix Repair (PWD/NHAI)
207,2026-09-14 09:20:54,POTHOLE,0.79,7.6,CRITICAL,1029,244,204,349,239,SURFACE_CAVITY_AI,26.751849,83.375237,Golghar Commercial Center -> Civil Lines / Commissioner Office,UPSRTC-UP53-8821,Asphalt Cold-Mix Repair (PWD/NHAI)
207,2026-09-14 09:20:54,POTHOLE,0.76,4.3,HIGH,362,322,303,356,340,SURFACE_CAVITY_AI,26.751849,83.375237,Golghar Commercial Center -> Civil Lines / Commissioner Office,UPSRTC-UP53-8821,Asphalt Cold-Mix Repair (PWD/NHAI)
207,2026-09-14 09:20:54,POTHOLE,0.75,3.1,MEDIUM,128,81,204,103,223,SURFACE_CAVITY_AI,26.751849,83.375237,Golghar Commercial Center -> Civil Lines / Commissioner Office,UPSRTC-UP53-8821,Asphalt Cold-Mix Repair (PWD/NHAI)
216,2026-09-14 09:20:55,POTHOLE,0.81,10.2,CRITICAL,1530,307,258,373,319,SURFACE_CAVITY_AI,26.751661,83.375533,Golghar Commercial Center -> Civil Lines / Commissioner Office,UPSRTC-UP53-8821,Asphalt Cold-Mix Repair (PWD/NHAI)
216,2026-09-14 09:20:55,POTHOLE,0.8,8.4,CRITICAL,1171,13,204,64,268,SURFACE_CAVITY_AI,26.751661,83.375533,Golghar Commercial Center -> Civil Lines / Commissioner Office,UPSRTC-UP53-8821,Asphalt Cold-Mix Repair (PWD/NHAI)
216,2026-09-14 09:20:55,POTHOLE,0.78,6.9,CRITICAL,889,339,321,376,403,SURFACE_CAVITY_AI,26.751661,83.375533,Golghar Commercial Center -> Civil Lines / Commissioner Office,UPSRTC-UP53-8821,Asphalt Cold-Mix Repair (PWD/NHAI)
216,2026-09-14 09:20:55,POTHOLE,0.75,3.9,MEDIUM,289,86,205,114,233,SURFACE_CAVITY_AI,26.751661,83.375533,Golghar Commercial Center -> Civil Lines / Commissioner Office,UPSRTC-UP53-8821,Asphalt Cold-Mix Repair (PWD/NHAI)
225,2026-09-14 09:20:55,POTHOLE,0.81,9.3,CRITICAL,1366,13,204,66,268,SURFACE_CAVITY_AI,26.751402,83.37594,Golghar Commercial Center -> Civil Lines / Commissioner Office,UPSRTC-UP53-8821,Asphalt Cold-Mix Repair (PWD/NHAI)
225,2026-09-14 09:20:55,POTHOLE,0.75,3.9,MEDIUM,280,344,268,372,296,SURFACE_CAVITY_AI,26.751402,83.37594,Golghar Commercial Center -> Civil Lines / Commissioner Office,UPSRTC-UP53-8821,Asphalt Cold-Mix Repair (PWD/NHAI)
225,2026-09-14 09:20:55,POTHOLE,0.75,3.3,MEDIUM,155,335,286,358,303,SURFACE_CAVITY_AI,26.751402,83.37594,Golghar Commercial Center -> Civil Lines / Commissioner Office,UPSRTC-UP53-8821,Asphalt Cold-Mix Repair (PWD/NHAI)
225,2026-09-14 09:20:55,POTHOLE,0.76,4.7,HIGH,434,348,303,376,383,SURFACE_CAVITY_AI,26.751402,83.37594,Golghar Commercial Center -> Civil Lines / Commissioner Office,UPSRTC-UP53-8821,Asphalt Cold-Mix Repair (PWD/NHAI)
234,2026-09-14 09:20:56,POTHOLE,0.83,12.1,CRITICAL,1928,300,204,371,267,SURFACE_CAVITY_AI,26.751078,83.376449,Golghar Commercial Center -> Civil Lines / Commissioner Office,UPSRTC-UP53-8821,Asphalt Cold-Mix Repair (PWD/NHAI)
234,2026-09-14 09:20:56,POTHOLE,0.8,8.9,CRITICAL,1281,29,204,95,268,SURFACE_CAVITY_AI,26.751078,83.376449,Golghar Commercial Center -> Civil Lines / Commissioner Office,UPSRTC-UP53-8821,Asphalt Cold-Mix Repair (PWD/NHAI)
234,2026-09-14 09:20:56,POTHOLE,0.75,3.1,MEDIUM,111,362,318,374,339,SURFACE_CAVITY_AI,26.751078,83.376449,Golghar Commercial Center -> Civil Lines / Commissioner Office,UPSRTC-UP53-8821,Asphalt Cold-Mix Repair (PWD/NHAI)
234,2026-09-14 09:20:56,POTHOLE,0.74,2.7,MEDIUM,33,362,392,376,403,SURFACE_CAVITY_AI,26.751078,83.376449,Golghar Commercial Center -> Civil Lines / Commissioner Office,UPSRTC-UP53-8821,Asphalt Cold-Mix Repair (PWD/NHAI)
243,2026-09-14 09:20:56,POTHOLE,0.77,5.5,HIGH,590,60,204,83,268,SURFACE_CAVITY_AI,26.750697,83.377048,Golghar Commercial Center -> Civil Lines / Commissioner Office,UPSRTC-UP53-8821,Asphalt Cold-Mix Repair (PWD/NHAI)
243,2026-09-14 09:20:56,POTHOLE,0.77,5.5,HIGH,609,13,217,45,268,SURFACE_CAVITY_AI,26.750697,83.377048,Golghar Commercial Center -> Civil Lines / Commissioner Office,UPSRTC-UP53-8821,Asphalt Cold-Mix Repair (PWD/NHAI)
243,2026-09-14 09:20:56,POTHOLE,0.79,7.7,CRITICAL,1030,320,204,371,259,SURFACE_CAVITY_AI,26.750697,83.377048,Golghar Commercial Center -> Civil Lines / Commissioner Office,UPSRTC-UP53-8821,Asphalt Cold-Mix Repair (PWD/NHAI)
243,2026-09-14 09:20:56,POTHOLE,0.75,3.1,MEDIUM,124,14,204,39,232,SURFACE_CAVITY_AI,26.750697,83.377048,Golghar Commercial Center -> Civil Lines / Commissioner Office,UPSRTC-UP53-8821,Asphalt Cold-Mix Repair (PWD/NHAI)
252,2026-09-14 09:20:57,POTHOLE,0.8,8.7,CRITICAL,1238,307,326,341,401,SURFACE_CAVITY_AI,26.750267,83.377724,Golghar Commercial Center -> Civil Lines / Commissioner Office,UPSRTC-UP53-8821,Asphalt Cold-Mix Repair (PWD/NHAI)
252,2026-09-14 09:20:57,POTHOLE,0.78,6.1,CRITICAL,719,66,204,98,268,SURFACE_CAVITY_AI,26.750267,83.377724,Golghar Commercial Center -> Civil Lines / Commissioner Office,UPSRTC-UP53-8821,Asphalt Cold-Mix Repair (PWD/NHAI)
252,2026-09-14 09:20:57,POTHOLE,0.75,3.7,MEDIUM,243,25,204,53,240,SURFACE_CAVITY_AI,26.750267,83.377724,Golghar Commercial Center -> Civil Lines / Commissioner Office,UPSRTC-UP53-8821,Asphalt Cold-Mix Repair (PWD/NHAI)
252,2026-09-14 09:20:57,POTHOLE,0.76,4.8,HIGH,458,13,204,56,268,SURFACE_CAVITY_AI,26.750267,83.377724,Golghar Commercial Center -> Civil Lines / Commissioner Office,UPSRTC-UP53-8821,Asphalt Cold-Mix Repair (PWD/NHAI)
261,2026-09-14 09:20:57,POTHOLE,0.77,5.6,HIGH,612,70,204,106,268,SURFACE_CAVITY_AI,26.749797,83.378461,Golghar Commercial Center -> Civil Lines / Commissioner Office,UPSRTC-UP53-8821,Asphalt Cold-Mix Repair (PWD/NHAI)
261,2026-09-14 09:20:57,POTHOLE,0.76,4.2,HIGH,338,40,204,57,267,SURFACE_CAVITY_AI,26.749797,83.378461,Golghar Commercial Center -> Civil Lines / Commissioner Office,UPSRTC-UP53-8821,Asphalt Cold-Mix Repair (PWD/NHAI)
261,2026-09-14 09:20:57,POTHOLE,0.74,2.8,MEDIUM,68,116,213,128,231,SURFACE_CAVITY_AI,26.749797,83.378461,Golghar Commercial Center -> Civil Lines / Commissioner Office,UPSRTC-UP53-8821,Asphalt Cold-Mix Repair (PWD/NHAI)
261,2026-09-14 09:20:57,POTHOLE,0.77,5.1,HIGH,525,13,206,37,266,SURFACE_CAVITY_AI,26.749797,83.378461,Golghar Commercial Center -> Civil Lines / Commissioner Office,UPSRTC-UP53-8821,Asphalt Cold-Mix Repair (PWD/NHAI)
270,2026-09-14 09:20:58,POTHOLE,0.75,3.9,MEDIUM,283,346,339,376,389,SURFACE_CAVITY_AI,26.749299,83.379244,Golghar Commercial Center -> Civil Lines / Commissioner Office,UPSRTC-UP53-8821,Asphalt Cold-Mix Repair (PWD/NHAI)
270,2026-09-14 09:20:58,POTHOLE,0.78,6.9,CRITICAL,877,57,204,104,268,SURFACE_CAVITY_AI,26.749299,83.379244,Golghar Commercial Center -> Civil Lines / Commissioner Office,UPSRTC-UP53-8821,Asphalt Cold-Mix Repair (PWD/NHAI)
270,2026-09-14 09:20:58,POTHOLE,0.75,3.4,MEDIUM,176,316,374,345,388,SURFACE_CAVITY_AI,26.749299,83.379244,Golghar Commercial Center -> Civil Lines / Commissioner Office,UPSRTC-UP53-8821,Asphalt Cold-Mix Repair (PWD/NHAI)
270,2026-09-14 09:20:58,POTHOLE,0.77,5.5,HIGH,597,307,293,374,355,SURFACE_CAVITY_AI,26.749299,83.379244,Golghar Commercial Center -> Civil Lines / Commissioner Office,UPSRTC-UP53-8821,Asphalt Cold-Mix Repair (PWD/NHAI)
279,2026-09-14 09:20:58,POTHOLE,0.81,9.7,CRITICAL,1449,307,305,376,388,SURFACE_CAVITY_AI,26.748783,83.380055,Golghar Commercial Center -> Civil Lines / Commissioner Office,UPSRTC-UP53-8821,Asphalt Cold-Mix Repair (PWD/NHAI)
279,2026-09-14 09:20:58,POTHOLE,0.77,5.2,HIGH,548,80,204,102,268,SURFACE_CAVITY_AI,26.748783,83.380055,Golghar Commercial Center -> Civil Lines / Commissioner Office,UPSRTC-UP53-8821,Asphalt Cold-Mix Repair (PWD/NHAI)
279,2026-09-14 09:20:58,POTHOLE,0.75,3.3,MEDIUM,169,307,383,351,397,SURFACE_CAVITY_AI,26.748783,83.380055,Golghar Commercial Center -> Civil Lines / Commissioner Office,UPSRTC-UP53-8821,Asphalt Cold-Mix Repair (PWD/NHAI)
279,2026-09-14 09:20:58,POTHOLE,0.74,2.7,MEDIUM,44,361,387,376,397,SURFACE_CAVITY_AI,26.748783,83.380055,Golghar Commercial Center -> Civil Lines / Commissioner Office,UPSRTC-UP53-8821,Asphalt Cold-Mix Repair (PWD/NHAI)
288,2026-09-14 09:20:59,POTHOLE,0.78,6.3,CRITICAL,768,46,204,88,268,SURFACE_CAVITY_AI,26.748261,83.380876,Golghar Commercial Center -> Civil Lines / Commissioner Office,UPSRTC-UP53-8821,Asphalt Cold-Mix Repair (PWD/NHAI)
288,2026-09-14 09:20:59,POTHOLE,0.75,4.0,HIGH,298,163,204,184,268,SURFACE_CAVITY_AI,26.748261,83.380876,Golghar Commercial Center -> Civil Lines / Commissioner Office,UPSRTC-UP53-8821,Asphalt Cold-Mix Repair (PWD/NHAI)
288,2026-09-14 09:20:59,POTHOLE,0.74,2.7,MEDIUM,35,106,204,122,215,SURFACE_CAVITY_AI,26.748261,83.380876,Golghar Commercial Center -> Civil Lines / Commissioner Office,UPSRTC-UP53-8821,Asphalt Cold-Mix Repair (PWD/NHAI)
297,2026-09-14 09:20:59,POTHOLE,0.77,6.0,CRITICAL,696,34,204,72,268,SURFACE_CAVITY_AI,26.747743,83.381689,Golghar Commercial Center -> Civil Lines / Commissioner Office,UPSRTC-UP53-8821,Asphalt Cold-Mix Repair (PWD/NHAI)
297,2026-09-14 09:20:59,POTHOLE,0.77,5.5,HIGH,590,148,204,173,268,SURFACE_CAVITY_AI,26.747743,83.381689,Golghar Commercial Center -> Civil Lines / Commissioner Office,UPSRTC-UP53-8821,Asphalt Cold-Mix Repair (PWD/NHAI)
306,2026-09-14 09:21:00,POTHOLE,0.8,8.4,CRITICAL,1181,307,288,376,383,SURFACE_CAVITY_AI,26.747243,83.382475,Golghar Commercial Center -> Civil Lines / Commissioner Office,UPSRTC-UP53-8821,Asphalt Cold-Mix Repair (PWD/NHAI)
306,2026-09-14 09:21:00,POTHOLE,0.77,5.8,HIGH,668,13,204,50,268,SURFACE_CAVITY_AI,26.747243,83.382475,Golghar Commercial Center -> Civil Lines / Commissioner Office,UPSRTC-UP53-8821,Asphalt Cold-Mix Repair (PWD/NHAI)
306,2026-09-14 09:21:00,POTHOLE,0.74,2.9,MEDIUM,86,355,205,370,235,SURFACE_CAVITY_AI,26.747243,83.382475,Golghar Commercial Center -> Civil Lines / Commissioner Office,UPSRTC-UP53-8821,Asphalt Cold-Mix Repair (PWD/NHAI)
306,2026-09-14 09:21:00,POTHOLE,0.74,2.7,MEDIUM,38,340,358,359,364,SURFACE_CAVITY_AI,26.747243,83.382475,Golghar Commercial Center -> Civil Lines / Commissioner Office,UPSRTC-UP53-8821,Asphalt Cold-Mix Repair (PWD/NHAI)
315,2026-09-14 09:21:00,POTHOLE,0.82,10.7,CRITICAL,1637,323,265,374,359,SURFACE_CAVITY_AI,26.746771,83.383217,Golghar Commercial Center -> Civil Lines / Commissioner Office,UPSRTC-UP53-8821,Asphalt Cold-Mix Repair (PWD/NHAI)
315,2026-09-14 09:21:00,POTHOLE,0.76,4.4,HIGH,375,114,226,136,268,SURFACE_CAVITY_AI,26.746771,83.383217,Golghar Commercial Center -> Civil Lines / Commissioner Office,UPSRTC-UP53-8821,Asphalt Cold-Mix Repair (PWD/NHAI)
315,2026-09-14 09:21:00,POTHOLE,0.74,2.8,MEDIUM,54,362,204,370,231,SURFACE_CAVITY_AI,26.746771,83.383217,Golghar Commercial Center -> Civil Lines / Commissioner Office,UPSRTC-UP53-8821,Asphalt Cold-Mix Repair (PWD/NHAI)
315,2026-09-14 09:21:00,POTHOLE,0.75,3.3,MEDIUM,159,119,204,138,226,SURFACE_CAVITY_AI,26.746771,83.383217,Golghar Commercial Center -> Civil Lines / Commissioner Office,UPSRTC-UP53-8821,Asphalt Cold-Mix Repair (PWD/NHAI)
324,2026-09-14 09:21:00,POTHOLE,0.79,7.5,CRITICAL,1000,307,284,367,379,SURFACE_CAVITY_AI,26.746337,83.383899,Golghar Commercial Center -> Civil Lines / Commissioner Office,UPSRTC-UP53-8821,Asphalt Cold-Mix Repair (PWD/NHAI)
324,2026-09-14 09:21:00,POTHOLE,0.76,5.0,HIGH,494,107,204,138,258,SURFACE_CAVITY_AI,26.746337,83.383899,Golghar Commercial Center -> Civil Lines / Commissioner Office,UPSRTC-UP53-8821,Asphalt Cold-Mix Repair (PWD/NHAI)
324,2026-09-14 09:21:00,POTHOLE,0.75,3.2,MEDIUM,146,353,204,370,230,SURFACE_CAVITY_AI,26.746337,83.383899,Golghar Commercial Center -> Civil Lines / Commissioner Office,UPSRTC-UP53-8821,Asphalt Cold-Mix Repair (PWD/NHAI)
324,2026-09-14 09:21:00,POTHOLE,0.74,2.7,MEDIUM,31,111,260,126,268,SURFACE_CAVITY_AI,26.746337,83.383899,Golghar Commercial Center -> Civil Lines / Commissioner Office,UPSRTC-UP53-8821,Asphalt Cold-Mix Repair (PWD/NHAI)
333,2026-09-14 09:21:01,POTHOLE,0.8,8.3,CRITICAL,1168,307,337,357,395,SURFACE_CAVITY_AI,26.745952,83.384504,Golghar Commercial Center -> Civil Lines / Commissioner Office,UPSRTC-UP53-8821,Asphalt Cold-Mix Repair (PWD/NHAI)
333,2026-09-14 09:21:01,POTHOLE,0.77,5.9,HIGH,672,93,204,135,254,SURFACE_CAVITY_AI,26.745952,83.384504,Golghar Commercial Center -> Civil Lines / Commissioner Office,UPSRTC-UP53-8821,Asphalt Cold-Mix Repair (PWD/NHAI)
333,2026-09-14 09:21:01,POTHOLE,0.75,3.7,MEDIUM,237,307,301,356,336,SURFACE_CAVITY_AI,26.745952,83.384504,Golghar Commercial Center -> Civil Lines / Commissioner Office,UPSRTC-UP53-8821,Asphalt Cold-Mix Repair (PWD/NHAI)
333,2026-09-14 09:21:01,POTHOLE,0.75,3.8,MEDIUM,264,324,204,360,246,SURFACE_CAVITY_AI,26.745952,83.384504,Golghar Commercial Center -> Civil Lines / Commissioner Office,UPSRTC-UP53-8821,Asphalt Cold-Mix Repair (PWD/NHAI)
342,2026-09-14 09:21:02,POTHOLE,0.84,12.3,CRITICAL,1959,307,314,350,403,SURFACE_CAVITY_AI,26.745623,83.385021,Golghar Commercial Center -> Civil Lines / Commissioner Office,UPSRTC-UP53-8821,Asphalt Cold-Mix Repair (PWD/NHAI)
342,2026-09-14 09:21:02,POTHOLE,0.74,2.7,MEDIUM,42,236,204,253,212,SURFACE_CAVITY_AI,26.745623,83.385021,Golghar Commercial Center -> Civil Lines / Commissioner Office,UPSRTC-UP53-8821,Asphalt Cold-Mix Repair (PWD/NHAI)
342,2026-09-14 09:21:02,POTHOLE,0.77,6.0,CRITICAL,700,91,204,134,268,SURFACE_CAVITY_AI,26.745623,83.385021,Golghar Commercial Center -> Civil Lines / Commissioner Office,UPSRTC-UP53-8821,Asphalt Cold-Mix Repair (PWD/NHAI)
342,2026-09-14 09:21:02,POTHOLE,0.76,4.4,HIGH,372,324,204,355,257,SURFACE_CAVITY_AI,26.745623,83.385021,Golghar Commercial Center -> Civil Lines / Commissioner Office,UPSRTC-UP53-8821,Asphalt Cold-Mix Repair (PWD/NHAI)
351,2026-09-14 09:21:02,POTHOLE,0.82,10.6,CRITICAL,1618,96,204,158,266,SURFACE_CAVITY_AI,26.745358,83.385437,Golghar Commercial Center -> Civil Lines / Commissioner Office,UPSRTC-UP53-8821,Asphalt Cold-Mix Repair (PWD/NHAI)
351,2026-09-14 09:21:02,POTHOLE,0.87,14.5,CRITICAL,2728,176,204,367,264,SURFACE_CAVITY_AI,26.745358,83.385437,Golghar Commercial Center -> Civil Lines / Commissioner Office,UPSRTC-UP53-8821,Asphalt Cold-Mix Repair (PWD/NHAI)
351,2026-09-14 09:21:02,POTHOLE,0.78,6.1,CRITICAL,728,307,335,330,403,SURFACE_CAVITY_AI,26.745358,83.385437,Golghar Commercial Center -> Civil Lines / Commissioner Office,UPSRTC-UP53-8821,Asphalt Cold-Mix Repair (PWD/NHAI)
351,2026-09-14 09:21:02,POTHOLE,0.75,3.7,MEDIUM,230,270,204,311,228,SURFACE_CAVITY_AI,26.745358,83.385437,Golghar Commercial Center -> Civil Lines / Commissioner Office,UPSRTC-UP53-8821,Asphalt Cold-Mix Repair (PWD/NHAI)
360,2026-09-14 09:21:02,POTHOLE,0.78,6.8,CRITICAL,857,51,204,80,268,SURFACE_CAVITY_AI,26.745164,83.385743,Golghar Commercial Center -> Civil Lines / Commissioner Office,UPSRTC-UP53-8821,Asphalt Cold-Mix Repair (PWD/NHAI)
360,2026-09-14 09:21:02,POTHOLE,0.74,2.9,MEDIUM,82,307,379,315,403,SURFACE_CAVITY_AI,26.745164,83.385743,Golghar Commercial Center -> Civil Lines / Commissioner Office,UPSRTC-UP53-8821,Asphalt Cold-Mix Repair (PWD/NHAI)
360,2026-09-14 09:21:02,POTHOLE,0.75,3.5,MEDIUM,197,334,262,372,281,SURFACE_CAVITY_AI,26.745164,83.385743,Golghar Commercial Center -> Civil Lines / Commissioner Office,UPSRTC-UP53-8821,Asphalt Cold-Mix Repair (PWD/NHAI)
360,2026-09-14 09:21:02,POTHOLE,0.74,3.0,MEDIUM,99,346,336,374,349,SURFACE_CAVITY_AI,26.745164,83.385743,Golghar Commercial Center -> Civil Lines / Commissioner Office,UPSRTC-UP53-8821,Asphalt Cold-Mix Repair (PWD/NHAI)
369,2026-09-14 09:21:03,POTHOLE,0.8,8.5,CRITICAL,1192,307,298,374,347,SURFACE_CAVITY_AI,26.745043,83.385932,Golghar Commercial Center -> Civil Lines / Commissioner Office,UPSRTC-UP53-8821,Asphalt Cold-Mix Repair (PWD/NHAI)
369,2026-09-14 09:21:03,POTHOLE,0.83,11.5,CRITICAL,1799,15,204,111,268,SURFACE_CAVITY_AI,26.745043,83.385932,Golghar Commercial Center -> Civil Lines / Commissioner Office,UPSRTC-UP53-8821,Asphalt Cold-Mix Repair (PWD/NHAI)
369,2026-09-14 09:21:03,POTHOLE,0.77,5.8,HIGH,650,307,265,353,293,SURFACE_CAVITY_AI,26.745043,83.385932,Golghar Commercial Center -> Civil Lines / Commissioner Office,UPSRTC-UP53-8821,Asphalt Cold-Mix Repair (PWD/NHAI)
369,2026-09-14 09:21:03,POTHOLE,0.74,3.0,MEDIUM,95,339,205,370,222,SURFACE_CAVITY_AI,26.745043,83.385932,Golghar Commercial Center -> Civil Lines / Commissioner Office,UPSRTC-UP53-8821,Asphalt Cold-Mix Repair (PWD/NHAI)
378,2026-09-14 09:21:03,POTHOLE,0.78,6.8,CRITICAL,864,14,204,80,268,SURFACE_CAVITY_AI,26.745,83.386,Golghar Commercial Center -> Civil Lines / Commissioner Office,UPSRTC-UP53-8821,Asphalt Cold-Mix Repair (PWD/NHAI)
378,2026-09-14 09:21:03,POTHOLE,0.76,4.1,HIGH,323,324,359,363,393,SURFACE_CAVITY_AI,26.745,83.386,Golghar Commercial Center -> Civil Lines / Commissioner Office,UPSRTC-UP53-8821,Asphalt Cold-Mix Repair (PWD/NHAI)
378,2026-09-14 09:21:03,POTHOLE,0.75,3.1,MEDIUM,125,353,348,375,369,SURFACE_CAVITY_AI,26.745,83.386,Golghar Commercial Center -> Civil Lines / Commissioner Office,UPSRTC-UP53-8821,Asphalt Cold-Mix Repair (PWD/NHAI)
378,2026-09-14 09:21:03,POTHOLE,0.75,3.2,MEDIUM,148,265,204,290,220,SURFACE_CAVITY_AI,26.745,83.386,Golghar Commercial Center -> Civil Lines / Commissioner Office,UPSRTC-UP53-8821,Asphalt Cold-Mix Repair (PWD/NHAI)
387,2026-09-14 09:21:04,POTHOLE,0.78,6.4,CRITICAL,782,14,205,44,267,SURFACE_CAVITY_AI,26.744968,83.38606,Civil Lines / Commissioner Office -> Mohaddipur Chauraha,UPSRTC-UP53-8821,Asphalt Cold-Mix Repair (PWD/NHAI)
387,2026-09-14 09:21:04,POTHOLE,0.75,3.4,MEDIUM,175,71,251,99,268,SURFACE_CAVITY_AI,26.744968,83.38606,Civil Lines / Commissioner Office -> Mohaddipur Chauraha,UPSRTC-UP53-8821,Asphalt Cold-Mix Repair (PWD/NHAI)
387,2026-09-14 09:21:04,POTHOLE,0.75,3.1,MEDIUM,114,92,205,125,215,SURFACE_CAVITY_AI,26.744968,83.38606,Civil Lines / Commissioner Office -> Mohaddipur Chauraha,UPSRTC-UP53-8821,Asphalt Cold-Mix Repair (PWD/NHAI)
387,2026-09-14 09:21:04,POTHOLE,0.74,2.6,MEDIUM,30,60,204,75,212,SURFACE_CAVITY_AI,26.744968,83.38606,Civil Lines / Commissioner Office -> Mohaddipur Chauraha,UPSRTC-UP53-8821,Asphalt Cold-Mix Repair (PWD/NHAI)
396,2026-09-14 09:21:04,POTHOLE,0.76,4.5,HIGH,403,44,226,75,268,SURFACE_CAVITY_AI,26.744866,83.386251,Civil Lines / Commissioner Office -> Mohaddipur Chauraha,UPSRTC-UP53-8821,Asphalt Cold-Mix Repair (PWD/NHAI)
396,2026-09-14 09:21:04,POTHOLE,0.76,5.0,HIGH,507,307,349,375,378,SURFACE_CAVITY_AI,26.744866,83.386251,Civil Lines / Commissioner Office -> Mohaddipur Chauraha,UPSRTC-UP53-8821,Asphalt Cold-Mix Repair (PWD/NHAI)
396,2026-09-14 09:21:04,POTHOLE,0.74,2.7,MEDIUM,36,356,210,369,220,SURFACE_CAVITY_AI,26.744866,83.386251,Civil Lines / Commissioner Office -> Mohaddipur Chauraha,UPSRTC-UP53-8821,Asphalt Cold-Mix Repair (PWD/NHAI)
396,2026-09-14 09:21:04,POTHOLE,0.74,2.7,MEDIUM,39,322,204,335,212,SURFACE_CAVITY_AI,26.744866,83.386251,Civil Lines / Commissioner Office -> Mohaddipur Chauraha,UPSRTC-UP53-8821,Asphalt Cold-Mix Repair (PWD/NHAI)
405,2026-09-14 09:21:05,POTHOLE,0.84,12.2,CRITICAL,1947,307,349,376,403,SURFACE_CAVITY_AI,26.744695,83.386571,Civil Lines / Commissioner Office -> Mohaddipur Chauraha,UPSRTC-UP53-8821,Asphalt Cold-Mix Repair (PWD/NHAI)
405,2026-09-14 09:21:05,POTHOLE,0.79,7.1,CRITICAL,928,321,239,371,304,SURFACE_CAVITY_AI,26.744695,83.386571,Civil Lines / Commissioner Office -> Mohaddipur Chauraha,UPSRTC-UP53-8821,Asphalt Cold-Mix Repair (PWD/NHAI)
405,2026-09-14 09:21:05,POTHOLE,0.75,4.0,HIGH,296,14,210,46,247,SURFACE_CAVITY_AI,26.744695,83.386571,Civil Lines / Commissioner Office -> Mohaddipur Chauraha,UPSRTC-UP53-8821,Asphalt Cold-Mix Repair (PWD/NHAI)
405,2026-09-14 09:21:05,POTHOLE,0.74,2.8,MEDIUM,53,284,227,295,239,SURFACE_CAVITY_AI,26.744695,83.386571,Civil Lines / Commissioner Office -> Mohaddipur Chauraha,UPSRTC-UP53-8821,Asphalt Cold-Mix Repair (PWD/NHAI)
414,2026-09-14 09:21:05,POTHOLE,0.75,3.5,MEDIUM,203,112,225,153,268,SURFACE_CAVITY_AI,26.74446,83.387012,Civil Lines / Commissioner Office -> Mohaddipur Chauraha,UPSRTC-UP53-8821,Asphalt Cold-Mix Repair (PWD/NHAI)
414,2026-09-14 09:21:05,POTHOLE,0.75,3.9,MEDIUM,287,178,219,208,268,SURFACE_CAVITY_AI,26.74446,83.387012,Civil Lines / Commissioner Office -> Mohaddipur Chauraha,UPSRTC-UP53-8821,Asphalt Cold-Mix Repair (PWD/NHAI)
414,2026-09-14 09:21:05,POTHOLE,0.75,3.6,MEDIUM,228,263,225,301,268,SURFACE_CAVITY_AI,26.74446,83.387012,Civil Lines / Commissioner Office -> Mohaddipur Chauraha,UPSRTC-UP53-8821,Asphalt Cold-Mix Repair (PWD/NHAI)
414,2026-09-14 09:21:05,POTHOLE,0.74,2.7,MEDIUM,48,204,250,216,268,SURFACE_CAVITY_AI,26.74446,83.387012,Civil Lines / Commissioner Office -> Mohaddipur Chauraha,UPSRTC-UP53-8821,Asphalt Cold-Mix Repair (PWD/NHAI)
423,2026-09-14 09:21:06,POTHOLE,0.75,3.6,MEDIUM,228,275,204,327,230,SURFACE_CAVITY_AI,26.744166,83.387564,Civil Lines / Commissioner Office -> Mohaddipur Chauraha,UPSRTC-UP53-8821,Asphalt Cold-Mix Repair (PWD/NHAI)
423,2026-09-14 09:21:06,POTHOLE,0.74,2.7,MEDIUM,46,343,281,372,293,SURFACE_CAVITY_AI,26.744166,83.387564,Civil Lines / Commissioner Office -> Mohaddipur Chauraha,UPSRTC-UP53-8821,Asphalt Cold-Mix Repair (PWD/NHAI)
423,2026-09-14 09:21:06,POTHOLE,0.74,2.8,MEDIUM,61,327,232,345,241,SURFACE_CAVITY_AI,26.744166,83.387564,Civil Lines / Commissioner Office -> Mohaddipur Chauraha,UPSRTC-UP53-8821,Asphalt Cold-Mix Repair (PWD/NHAI)
423,2026-09-14 09:21:06,POTHOLE,0.74,2.8,MEDIUM,60,308,208,329,219,SURFACE_CAVITY_AI,26.744166,83.387564,Civil Lines / Commissioner Office -> Mohaddipur Chauraha,UPSRTC-UP53-8821,Asphalt Cold-Mix Repair (PWD/NHAI)
432,2026-09-14 09:21:06,POTHOLE,0.75,4.0,HIGH,295,26,209,58,242,SURFACE_CAVITY_AI,26.743819,83.388215,Civil Lines / Commissioner Office -> Mohaddipur Chauraha,UPSRTC-UP53-8821,Asphalt Cold-Mix Repair (PWD/NHAI)
432,2026-09-14 09:21:06,POTHOLE,0.75,3.0,MEDIUM,110,61,223,80,239,SURFACE_CAVITY_AI,26.743819,83.388215,Civil Lines / Commissioner Office -> Mohaddipur Chauraha,UPSRTC-UP53-8821,Asphalt Cold-Mix Repair (PWD/NHAI)
432,2026-09-14 09:21:06,POTHOLE,0.74,2.7,MEDIUM,31,195,204,205,212,SURFACE_CAVITY_AI,26.743819,83.388215,Civil Lines / Commissioner Office -> Mohaddipur Chauraha,UPSRTC-UP53-8821,Asphalt Cold-Mix Repair (PWD/NHAI)
432,2026-09-14 09:21:06,POTHOLE,0.74,2.9,MEDIUM,72,13,237,31,250,SURFACE_CAVITY_AI,26.743819,83.388215,Civil Lines / Commissioner Office -> Mohaddipur Chauraha,UPSRTC-UP53-8821,Asphalt Cold-Mix Repair (PWD/NHAI)
441,2026-09-14 09:21:07,POTHOLE,0.79,7.4,CRITICAL,986,307,348,376,398,SURFACE_CAVITY_AI,26.743427,83.38895,Civil Lines / Commissioner Office -> Mohaddipur Chauraha,UPSRTC-UP53-8821,Asphalt Cold-Mix Repair (PWD/NHAI)
441,2026-09-14 09:21:07,POTHOLE,0.74,2.9,MEDIUM,74,307,378,323,403,SURFACE_CAVITY_AI,26.743427,83.38895,Civil Lines / Commissioner Office -> Mohaddipur Chauraha,UPSRTC-UP53-8821,Asphalt Cold-Mix Repair (PWD/NHAI)
441,2026-09-14 09:21:07,POTHOLE,0.74,2.7,MEDIUM,43,339,391,350,401,SURFACE_CAVITY_AI,26.743427,83.38895,Civil Lines / Commissioner Office -> Mohaddipur Chauraha,UPSRTC-UP53-8821,Asphalt Cold-Mix Repair (PWD/NHAI)
441,2026-09-14 09:21:07,POTHOLE,0.77,5.2,HIGH,530,307,313,350,353,SURFACE_CAVITY_AI,26.743427,83.38895,Civil Lines / Commissioner Office -> Mohaddipur Chauraha,UPSRTC-UP53-8821,Asphalt Cold-Mix Repair (PWD/NHAI)
450,2026-09-14 09:21:07,POTHOLE,0.76,4.6,HIGH,425,307,376,344,403,SURFACE_CAVITY_AI,26.742998,83.389753,Civil Lines / Commissioner Office -> Mohaddipur Chauraha,UPSRTC-UP53-8821,Asphalt Cold-Mix Repair (PWD/NHAI)
450,2026-09-14 09:21:07,POTHOLE,0.76,4.2,HIGH,334,258,248,302,268,SURFACE_CAVITY_AI,26.742998,83.389753,Civil Lines / Commissioner Office -> Mohaddipur Chauraha,UPSRTC-UP53-8821,Asphalt Cold-Mix Repair (PWD/NHAI)
450,2026-09-14 09:21:07,POTHOLE,0.76,4.8,HIGH,452,307,313,339,368,SURFACE_CAVITY_AI,26.742998,83.389753,Civil Lines / Commissioner Office -> Mohaddipur Chauraha,UPSRTC-UP53-8821,Asphalt Cold-Mix Repair (PWD/NHAI)
450,2026-09-14 09:21:07,POTHOLE,0.74,2.8,MEDIUM,66,36,209,61,219,SURFACE_CAVITY_AI,26.742998,83.389753,Civil Lines / Commissioner Office -> Mohaddipur Chauraha,UPSRTC-UP53-8821,Asphalt Cold-Mix Repair (PWD/NHAI)
459,2026-09-14 09:21:08,POTHOLE,0.75,3.4,MEDIUM,172,322,204,357,217,SURFACE_CAVITY_AI,26.742543,83.390606,Civil Lines / Commissioner Office -> Mohaddipur Chauraha,UPSRTC-UP53-8821,Asphalt Cold-Mix Repair (PWD/NHAI)
459,2026-09-14 09:21:08,POTHOLE,0.74,2.7,MEDIUM,41,34,261,46,268,SURFACE_CAVITY_AI,26.742543,83.390606,Civil Lines / Commissioner Office -> Mohaddipur Chauraha,UPSRTC-UP53-8821,Asphalt Cold-Mix Repair (PWD/NHAI)
459,2026-09-14 09:21:08,POTHOLE,0.74,2.7,MEDIUM,31,349,217,363,225,SURFACE_CAVITY_AI,26.742543,83.390606,Civil Lines / Commissioner Office -> Mohaddipur Chauraha,UPSRTC-UP53-8821,Asphalt Cold-Mix Repair (PWD/NHAI)
459,2026-09-14 09:21:08,POTHOLE,0.74,2.7,MEDIUM,39,360,240,370,249,SURFACE_CAVITY_AI,26.742543,83.390606,Civil Lines / Commissioner Office -> Mohaddipur Chauraha,UPSRTC-UP53-8821,Asphalt Cold-Mix Repair (PWD/NHAI)
468,2026-09-14 09:21:08,POTHOLE,0.78,6.7,CRITICAL,836,289,204,370,244,SURFACE_CAVITY_AI,26.742072,83.39149,Civil Lines / Commissioner Office -> Mohaddipur Chauraha,UPSRTC-UP53-8821,Asphalt Cold-Mix Repair (PWD/NHAI)
477,2026-09-14 09:21:09,POTHOLE,0.75,3.7,MEDIUM,246,333,204,369,232,SURFACE_CAVITY_AI,26.741594,83.392386,Civil Lines / Commissioner Office -> Mohaddipur Chauraha,UPSRTC-UP53-8821,Asphalt Cold-Mix Repair (PWD/NHAI)
477,2026-09-14 09:21:09,POTHOLE,0.74,2.9,MEDIUM,87,222,249,242,268,SURFACE_CAVITY_AI,26.741594,83.392386,Civil Lines / Commissioner Office -> Mohaddipur Chauraha,UPSRTC-UP53-8821,Asphalt Cold-Mix Repair (PWD/NHAI)
477,2026-09-14 09:21:09,POTHOLE,0.75,4.0,HIGH,295,244,244,291,268,SURFACE_CAVITY_AI,26.741594,83.392386,Civil Lines / Commissioner Office -> Mohaddipur Chauraha,UPSRTC-UP53-8821,Asphalt Cold-Mix Repair (PWD/NHAI)
477,2026-09-14 09:21:09,POTHOLE,0.74,2.7,MEDIUM,47,209,235,223,244,SURFACE_CAVITY_AI,26.741594,83.392386,Civil Lines / Commissioner Office -> Mohaddipur Chauraha,UPSRTC-UP53-8821,Asphalt Cold-Mix Repair (PWD/NHAI)
486,2026-09-14 09:21:09,POTHOLE,0.74,3.0,MEDIUM,90,332,204,369,214,SURFACE_CAVITY_AI,26.741121,83.393273,Civil Lines / Commissioner Office -> Mohaddipur Chauraha,UPSRTC-UP53-8821,Asphalt Cold-Mix Repair (PWD/NHAI)
486,2026-09-14 09:21:09,POTHOLE,0.74,2.8,MEDIUM,56,239,212,258,222,SURFACE_CAVITY_AI,26.741121,83.393273,Civil Lines / Commissioner Office -> Mohaddipur Chauraha,UPSRTC-UP53-8821,Asphalt Cold-Mix Repair (PWD/NHAI)
513,2026-09-14 09:21:10,POTHOLE,0.84,12.7,CRITICAL,2048,13,204,99,268,SURFACE_CAVITY_AI,26.739833,83.395688,Civil Lines / Commissioner Office -> Mohaddipur Chauraha,UPSRTC-UP53-8821,Asphalt Cold-Mix Repair (PWD/NHAI)
513,2026-09-14 09:21:10,POTHOLE,0.88,14.5,CRITICAL,2921,100,204,271,268,SURFACE_CAVITY_AI,26.739833,83.395688,Civil Lines / Commissioner Office -> Mohaddipur Chauraha,UPSRTC-UP53-8821,Asphalt Cold-Mix Repair (PWD/NHAI)
513,2026-09-14 09:21:10,POTHOLE,0.84,12.6,CRITICAL,2026,261,204,372,283,SURFACE_CAVITY_AI,26.739833,83.395688,Civil Lines / Commissioner Office -> Mohaddipur Chauraha,UPSRTC-UP53-8821,Asphalt Cold-Mix Repair (PWD/NHAI)
513,2026-09-14 09:21:10,POTHOLE,0.79,7.4,CRITICAL,970,190,204,267,242,SURFACE_CAVITY_AI,26.739833,83.395688,Civil Lines / Commissioner Office -> Mohaddipur Chauraha,UPSRTC-UP53-8821,Asphalt Cold-Mix Repair (PWD/NHAI)
522,2026-09-14 09:21:11,POTHOLE,0.81,9.4,CRITICAL,1373,14,205,93,268,SURFACE_CAVITY_AI,26.739479,83.396351,Civil Lines / Commissioner Office -> Mohaddipur Chauraha,UPSRTC-UP53-8821,Asphalt Cold-Mix Repair (PWD/NHAI)
522,2026-09-14 09:21:11,POTHOLE,0.74,3.0,MEDIUM,95,139,204,167,223,SURFACE_CAVITY_AI,26.739479,83.396351,Civil Lines / Commissioner Office -> Mohaddipur Chauraha,UPSRTC-UP53-8821,Asphalt Cold-Mix Repair (PWD/NHAI)
522,2026-09-14 09:21:11,POTHOLE,0.74,2.8,MEDIUM,61,352,254,366,266,SURFACE_CAVITY_AI,26.739479,83.396351,Civil Lines / Commissioner Office -> Mohaddipur Chauraha,UPSRTC-UP53-8821,Asphalt Cold-Mix Repair (PWD/NHAI)
522,2026-09-14 09:21:11,POTHOLE,0.75,3.2,MEDIUM,144,350,216,371,252,SURFACE_CAVITY_AI,26.739479,83.396351,Civil Lines / Commissioner Office -> Mohaddipur Chauraha,UPSRTC-UP53-8821,Asphalt Cold-Mix Repair (PWD/NHAI)
531,2026-09-14 09:21:11,POTHOLE,0.82,11.0,CRITICAL,1702,307,349,376,403,SURFACE_CAVITY_AI,26.739177,83.396918,Civil Lines / Commissioner Office -> Mohaddipur Chauraha,UPSRTC-UP53-8821,Asphalt Cold-Mix Repair (PWD/NHAI)
531,2026-09-14 09:21:11,POTHOLE,0.84,12.9,CRITICAL,2078,307,273,375,362,SURFACE_CAVITY_AI,26.739177,83.396918,Civil Lines / Commissioner Office -> Mohaddipur Chauraha,UPSRTC-UP53-8821,Asphalt Cold-Mix Repair (PWD/NHAI)
531,2026-09-14 09:21:11,POTHOLE,0.76,4.7,HIGH,445,136,204,183,252,SURFACE_CAVITY_AI,26.739177,83.396918,Civil Lines / Commissioner Office -> Mohaddipur Chauraha,UPSRTC-UP53-8821,Asphalt Cold-Mix Repair (PWD/NHAI)
531,2026-09-14 09:21:11,POTHOLE,0.75,3.7,MEDIUM,242,25,244,80,268,SURFACE_CAVITY_AI,26.739177,83.396918,Civil Lines / Commissioner Office -> Mohaddipur Chauraha,UPSRTC-UP53-8821,Asphalt Cold-Mix Repair (PWD/NHAI)
540,2026-09-14 09:21:12,POTHOLE,0.8,9.0,CRITICAL,1308,13,204,79,255,SURFACE_CAVITY_AI,26.738934,83.397375,Civil Lines / Commissioner Office -> Mohaddipur Chauraha,UPSRTC-UP53-8821,Asphalt Cold-Mix Repair (PWD/NHAI)
540,2026-09-14 09:21:12,POTHOLE,0.85,13.6,CRITICAL,2227,199,204,349,272,SURFACE_CAVITY_AI,26.738934,83.397375,Civil Lines / Commissioner Office -> Mohaddipur Chauraha,UPSRTC-UP53-8821,Asphalt Cold-Mix Repair (PWD/NHAI)
540,2026-09-14 09:21:12,POTHOLE,0.77,5.3,HIGH,558,125,233,176,268,SURFACE_CAVITY_AI,26.738934,83.397375,Civil Lines / Commissioner Office -> Mohaddipur Chauraha,UPSRTC-UP53-8821,Asphalt Cold-Mix Repair (PWD/NHAI)
540,2026-09-14 09:21:12,POTHOLE,0.74,2.7,MEDIUM,36,121,222,136,233,SURFACE_CAVITY_AI,26.738934,83.397375,Civil Lines / Commissioner Office -> Mohaddipur Chauraha,UPSRTC-UP53-8821,Asphalt Cold-Mix Repair (PWD/NHAI)
549,2026-09-14 09:21:12,POTHOLE,0.83,11.8,CRITICAL,1865,250,205,308,268,SURFACE_CAVITY_AI,26.738754,83.397712,Civil Lines / Commissioner Office -> Mohaddipur Chauraha,UPSRTC-UP53-8821,Asphalt Cold-Mix Repair (PWD/NHAI)
549,2026-09-14 09:21:12,POTHOLE,0.79,8.1,CRITICAL,1112,333,336,376,403,SURFACE_CAVITY_AI,26.738754,83.397712,Civil Lines / Commissioner Office -> Mohaddipur Chauraha,UPSRTC-UP53-8821,Asphalt Cold-Mix Repair (PWD/NHAI)
549,2026-09-14 09:21:12,POTHOLE,0.76,4.2,HIGH,348,117,204,167,243,SURFACE_CAVITY_AI,26.738754,83.397712,Civil Lines / Commissioner Office -> Mohaddipur Chauraha,UPSRTC-UP53-8821,Asphalt Cold-Mix Repair (PWD/NHAI)
549,2026-09-14 09:21:12,POTHOLE,0.76,4.7,HIGH,433,17,204,64,228,SURFACE_CAVITY_AI,26.738754,83.397712,Civil Lines / Commissioner Office -> Mohaddipur Chauraha,UPSRTC-UP53-8821,Asphalt Cold-Mix Repair (PWD/NHAI)
558,2026-09-14 09:21:13,POTHOLE,0.83,11.7,CRITICAL,1842,307,343,376,403,SURFACE_CAVITY_AI,26.738642,83.397922,Civil Lines / Commissioner Office -> Mohaddipur Chauraha,UPSRTC-UP53-8821,Asphalt Cold-Mix Repair (PWD/NHAI)
558,2026-09-14 09:21:13,POTHOLE,0.75,3.4,MEDIUM,175,96,255,128,268,SURFACE_CAVITY_AI,26.738642,83.397922,Civil Lines / Commissioner Office -> Mohaddipur Chauraha,UPSRTC-UP53-8821,Asphalt Cold-Mix Repair (PWD/NHAI)
558,2026-09-14 09:21:13,POTHOLE,0.76,4.9,HIGH,483,89,204,161,242,SURFACE_CAVITY_AI,26.738642,83.397922,Civil Lines / Commissioner Office -> Mohaddipur Chauraha,UPSRTC-UP53-8821,Asphalt Cold-Mix Repair (PWD/NHAI)
558,2026-09-14 09:21:13,POTHOLE,0.74,2.7,MEDIUM,44,15,204,43,212,SURFACE_CAVITY_AI,26.738642,83.397922,Civil Lines / Commissioner Office -> Mohaddipur Chauraha,UPSRTC-UP53-8821,Asphalt Cold-Mix Repair (PWD/NHAI)
567,2026-09-14 09:21:13,POTHOLE,0.79,7.9,CRITICAL,1072,71,204,136,254,SURFACE_CAVITY_AI,26.7386,83.398,Civil Lines / Commissioner Office -> Mohaddipur Chauraha,UPSRTC-UP53-8821,Asphalt Cold-Mix Repair (PWD/NHAI)
567,2026-09-14 09:21:13,POTHOLE,0.8,8.2,CRITICAL,1133,307,295,349,377,SURFACE_CAVITY_AI,26.7386,83.398,Civil Lines / Commissioner Office -> Mohaddipur Chauraha,UPSRTC-UP53-8821,Asphalt Cold-Mix Repair (PWD/NHAI)
567,2026-09-14 09:21:13,POTHOLE,0.76,4.3,HIGH,366,63,248,126,268,SURFACE_CAVITY_AI,26.7386,83.398,Civil Lines / Commissioner Office -> Mohaddipur Chauraha,UPSRTC-UP53-8821,Asphalt Cold-Mix Repair (PWD/NHAI)
567,2026-09-14 09:21:13,POTHOLE,0.75,3.2,MEDIUM,131,13,221,29,248,SURFACE_CAVITY_AI,26.7386,83.398,Civil Lines / Commissioner Office -> Mohaddipur Chauraha,UPSRTC-UP53-8821,Asphalt Cold-Mix Repair (PWD/NHAI)
576,2026-09-14 09:21:14,POTHOLE,0.74,2.8,MEDIUM,69,272,204,288,215,SURFACE_CAVITY_AI,26.73852,83.398094,Mohaddipur Chauraha -> AIIMS Gorakhpur Transit Stop,UPSRTC-UP53-8821,Asphalt Cold-Mix Repair (PWD/NHAI)
585,2026-09-14 09:21:14,POTHOLE,0.75,3.8,MEDIUM,255,14,211,41,233,SURFACE_CAVITY_AI,26.738252,83.398407,Mohaddipur Chauraha -> AIIMS Gorakhpur Transit Stop,UPSRTC-UP53-8821,Asphalt Cold-Mix Repair (PWD/NHAI)
585,2026-09-14 09:21:14,POTHOLE,0.74,2.7,MEDIUM,41,28,249,35,262,SURFACE_CAVITY_AI,26.738252,83.398407,Mohaddipur Chauraha -> AIIMS Gorakhpur Transit Stop,UPSRTC-UP53-8821,Asphalt Cold-Mix Repair (PWD/NHAI)
585,2026-09-14 09:21:14,POTHOLE,0.74,2.7,MEDIUM,46,79,228,88,240,SURFACE_CAVITY_AI,26.738252,83.398407,Mohaddipur Chauraha -> AIIMS Gorakhpur Transit Stop,UPSRTC-UP53-8821,Asphalt Cold-Mix Repair (PWD/NHAI)
585,2026-09-14 09:21:14,POTHOLE,0.75,3.2,MEDIUM,138,258,250,277,265,SURFACE_CAVITY_AI,26.738252,83.398407,Mohaddipur Chauraha -> AIIMS Gorakhpur Transit Stop,UPSRTC-UP53-8821,Asphalt Cold-Mix Repair (PWD/NHAI)
594,2026-09-14 09:21:14,POTHOLE,0.77,5.4,HIGH,577,13,226,69,268,SURFACE_CAVITY_AI,26.737801,83.398934,Mohaddipur Chauraha -> AIIMS Gorakhpur Transit Stop,UPSRTC-UP53-8821,Asphalt Cold-Mix Repair (PWD/NHAI)
594,2026-09-14 09:21:14,POTHOLE,0.75,3.4,MEDIUM,185,57,204,94,219,SURFACE_CAVITY_AI,26.737801,83.398934,Mohaddipur Chauraha -> AIIMS Gorakhpur Transit Stop,UPSRTC-UP53-8821,Asphalt Cold-Mix Repair (PWD/NHAI)
594,2026-09-14 09:21:14,POTHOLE,0.74,2.8,MEDIUM,68,35,222,47,232,SURFACE_CAVITY_AI,26.737801,83.398934,Mohaddipur Chauraha -> AIIMS Gorakhpur Transit Stop,UPSRTC-UP53-8821,Asphalt Cold-Mix Repair (PWD/NHAI)
594,2026-09-14 09:21:14,POTHOLE,0.75,3.1,MEDIUM,110,192,211,221,236,SURFACE_CAVITY_AI,26.737801,83.398934,Mohaddipur Chauraha -> AIIMS Gorakhpur Transit Stop,UPSRTC-UP53-8821,Asphalt Cold-Mix Repair (PWD/NHAI)
603,2026-09-14 09:21:15,POTHOLE,0.75,4.0,HIGH,298,136,227,174,251,SURFACE_CAVITY_AI,26.737177,83.399664,Mohaddipur Chauraha -> AIIMS Gorakhpur Transit Stop,UPSRTC-UP53-8821,Asphalt Cold-Mix Repair (PWD/NHAI)
603,2026-09-14 09:21:15,POTHOLE,0.75,3.1,MEDIUM,129,62,238,86,254,SURFACE_CAVITY_AI,26.737177,83.399664,Mohaddipur Chauraha -> AIIMS Gorakhpur Transit Stop,UPSRTC-UP53-8821,Asphalt Cold-Mix Repair (PWD/NHAI)
603,2026-09-14 09:21:15,POTHOLE,0.75,4.0,HIGH,296,78,213,117,237,SURFACE_CAVITY_AI,26.737177,83.399664,Mohaddipur Chauraha -> AIIMS Gorakhpur Transit Stop,UPSRTC-UP53-8821,Asphalt Cold-Mix Repair (PWD/NHAI)
603,2026-09-14 09:21:15,POTHOLE,0.74,2.7,MEDIUM,44,169,244,180,256,SURFACE_CAVITY_AI,26.737177,83.399664,Mohaddipur Chauraha -> AIIMS Gorakhpur Transit Stop,UPSRTC-UP53-8821,Asphalt Cold-Mix Repair (PWD/NHAI)
612,2026-09-14 09:21:15,POTHOLE,0.87,14.5,CRITICAL,2683,307,294,375,403,SURFACE_CAVITY_AI,26.736395,83.400579,Mohaddipur Chauraha -> AIIMS Gorakhpur Transit Stop,UPSRTC-UP53-8821,Asphalt Cold-Mix Repair (PWD/NHAI)
612,2026-09-14 09:21:15,POTHOLE,0.77,5.6,HIGH,610,88,237,169,268,SURFACE_CAVITY_AI,26.736395,83.400579,Mohaddipur Chauraha -> AIIMS Gorakhpur Transit Stop,UPSRTC-UP53-8821,Asphalt Cold-Mix Repair (PWD/NHAI)
612,2026-09-14 09:21:15,POTHOLE,0.78,6.8,CRITICAL,869,13,221,117,268,SURFACE_CAVITY_AI,26.736395,83.400579,Mohaddipur Chauraha -> AIIMS Gorakhpur Transit Stop,UPSRTC-UP53-8821,Asphalt Cold-Mix Repair (PWD/NHAI)
612,2026-09-14 09:21:15,POTHOLE,0.81,10.1,CRITICAL,1523,158,204,269,268,SURFACE_CAVITY_AI,26.736395,83.400579,Mohaddipur Chauraha -> AIIMS Gorakhpur Transit Stop,UPSRTC-UP53-8821,Asphalt Cold-Mix Repair (PWD/NHAI)
621,2026-09-14 09:21:16,POTHOLE,0.77,5.5,HIGH,605,14,242,93,268,SURFACE_CAVITY_AI,26.735471,83.401659,Mohaddipur Chauraha -> AIIMS Gorakhpur Transit Stop,UPSRTC-UP53-8821,Asphalt Cold-Mix Repair (PWD/NHAI)
621,2026-09-14 09:21:16,POTHOLE,0.74,2.8,MEDIUM,54,137,260,156,268,SURFACE_CAVITY_AI,26.735471,83.401659,Mohaddipur Chauraha -> AIIMS Gorakhpur Transit Stop,UPSRTC-UP53-8821,Asphalt Cold-Mix Repair (PWD/NHAI)
621,2026-09-14 09:21:16,POTHOLE,0.76,4.6,HIGH,424,43,204,97,229,SURFACE_CAVITY_AI,26.735471,83.401659,Mohaddipur Chauraha -> AIIMS Gorakhpur Transit Stop,UPSRTC-UP53-8821,Asphalt Cold-Mix Repair (PWD/NHAI)
621,2026-09-14 09:21:16,POTHOLE,0.75,3.0,MEDIUM,104,113,232,144,244,SURFACE_CAVITY_AI,26.735471,83.401659,Mohaddipur Chauraha -> AIIMS Gorakhpur Transit Stop,UPSRTC-UP53-8821,Asphalt Cold-Mix Repair (PWD/NHAI)
630,2026-09-14 09:21:16,POTHOLE,0.75,4.0,HIGH,294,13,251,59,268,SURFACE_CAVITY_AI,26.734427,83.402881,Mohaddipur Chauraha -> AIIMS Gorakhpur Transit Stop,UPSRTC-UP53-8821,Asphalt Cold-Mix Repair (PWD/NHAI)
630,2026-09-14 09:21:16,POTHOLE,0.75,3.9,MEDIUM,286,15,204,45,233,SURFACE_CAVITY_AI,26.734427,83.402881,Mohaddipur Chauraha -> AIIMS Gorakhpur Transit Stop,UPSRTC-UP53-8821,Asphalt Cold-Mix Repair (PWD/NHAI)
630,2026-09-14 09:21:16,POTHOLE,0.74,2.8,MEDIUM,50,129,223,139,235,SURFACE_CAVITY_AI,26.734427,83.402881,Mohaddipur Chauraha -> AIIMS Gorakhpur Transit Stop,UPSRTC-UP53-8821,Asphalt Cold-Mix Repair (PWD/NHAI)
630,2026-09-14 09:21:16,POTHOLE,0.75,3.3,MEDIUM,162,87,235,120,251,SURFACE_CAVITY_AI,26.734427,83.402881,Mohaddipur Chauraha -> AIIMS Gorakhpur Transit Stop,UPSRTC-UP53-8821,Asphalt Cold-Mix Repair (PWD/NHAI)
639,2026-09-14 09:21:17,POTHOLE,0.89,14.5,CRITICAL,3052,90,206,269,268,SURFACE_CAVITY_AI,26.733285,83.404216,Mohaddipur Chauraha -> AIIMS Gorakhpur Transit Stop,UPSRTC-UP53-8821,Asphalt Cold-Mix Repair (PWD/NHAI)
639,2026-09-14 09:21:17,POTHOLE,0.75,3.5,MEDIUM,198,25,204,63,224,SURFACE_CAVITY_AI,26.733285,83.404216,Mohaddipur Chauraha -> AIIMS Gorakhpur Transit Stop,UPSRTC-UP53-8821,Asphalt Cold-Mix Repair (PWD/NHAI)
639,2026-09-14 09:21:17,POTHOLE,0.77,5.6,HIGH,629,13,225,58,267,SURFACE_CAVITY_AI,26.733285,83.404216,Mohaddipur Chauraha -> AIIMS Gorakhpur Transit Stop,UPSRTC-UP53-8821,Asphalt Cold-Mix Repair (PWD/NHAI)
639,2026-09-14 09:21:17,POTHOLE,0.74,2.7,MEDIUM,31,51,222,62,230,SURFACE_CAVITY_AI,26.733285,83.404216,Mohaddipur Chauraha -> AIIMS Gorakhpur Transit Stop,UPSRTC-UP53-8821,Asphalt Cold-Mix Repair (PWD/NHAI)
648,2026-09-14 09:21:17,POTHOLE,0.74,2.9,MEDIUM,70,348,211,370,229,SURFACE_CAVITY_AI,26.732071,83.405636,Mohaddipur Chauraha -> AIIMS Gorakhpur Transit Stop,UPSRTC-UP53-8821,Asphalt Cold-Mix Repair (PWD/NHAI)
648,2026-09-14 09:21:17,POTHOLE,0.74,2.9,MEDIUM,77,340,220,368,243,SURFACE_CAVITY_AI,26.732071,83.405636,Mohaddipur Chauraha -> AIIMS Gorakhpur Transit Stop,UPSRTC-UP53-8821,Asphalt Cold-Mix Repair (PWD/NHAI)
657,2026-09-14 09:21:17,POTHOLE,0.74,2.8,MEDIUM,52,339,362,350,373,SURFACE_CAVITY_AI,26.730812,83.407109,Mohaddipur Chauraha -> AIIMS Gorakhpur Transit Stop,UPSRTC-UP53-8821,Asphalt Cold-Mix Repair (PWD/NHAI)
657,2026-09-14 09:21:17,POTHOLE,0.75,3.1,MEDIUM,122,328,265,369,287,SURFACE_CAVITY_AI,26.730812,83.407109,Mohaddipur Chauraha -> AIIMS Gorakhpur Transit Stop,UPSRTC-UP53-8821,Asphalt Cold-Mix Repair (PWD/NHAI)
666,2026-09-14 09:21:18,POTHOLE,0.82,10.4,CRITICAL,1572,307,347,376,403,SURFACE_CAVITY_AI,26.729536,83.408601,Mohaddipur Chauraha -> AIIMS Gorakhpur Transit Stop,UPSRTC-UP53-8821,Asphalt Cold-Mix Repair (PWD/NHAI)
666,2026-09-14 09:21:18,POTHOLE,0.74,2.7,MEDIUM,46,360,204,369,215,SURFACE_CAVITY_AI,26.729536,83.408601,Mohaddipur Chauraha -> AIIMS Gorakhpur Transit Stop,UPSRTC-UP53-8821,Asphalt Cold-Mix Repair (PWD/NHAI)
666,2026-09-14 09:21:18,POTHOLE,0.74,2.9,MEDIUM,73,260,227,280,245,SURFACE_CAVITY_AI,26.729536,83.408601,Mohaddipur Chauraha -> AIIMS Gorakhpur Transit Stop,UPSRTC-UP53-8821,Asphalt Cold-Mix Repair (PWD/NHAI)
666,2026-09-14 09:21:18,POTHOLE,0.74,2.8,MEDIUM,50,247,220,272,227,SURFACE_CAVITY_AI,26.729536,83.408601,Mohaddipur Chauraha -> AIIMS Gorakhpur Transit Stop,UPSRTC-UP53-8821,Asphalt Cold-Mix Repair (PWD/NHAI)
675,2026-09-14 09:21:18,POTHOLE,0.79,8.0,CRITICAL,1093,65,204,140,268,SURFACE_CAVITY_AI,26.728271,83.41008,Mohaddipur Chauraha -> AIIMS Gorakhpur Transit Stop,UPSRTC-UP53-8821,Asphalt Cold-Mix Repair (PWD/NHAI)
675,2026-09-14 09:21:18,POTHOLE,0.77,5.8,HIGH,665,333,290,374,338,SURFACE_CAVITY_AI,26.728271,83.41008,Mohaddipur Chauraha -> AIIMS Gorakhpur Transit Stop,UPSRTC-UP53-8821,Asphalt Cold-Mix Repair (PWD/NHAI)
675,2026-09-14 09:21:18,POTHOLE,0.77,5.3,HIGH,567,160,204,215,244,SURFACE_CAVITY_AI,26.728271,83.41008,Mohaddipur Chauraha -> AIIMS Gorakhpur Transit Stop,UPSRTC-UP53-8821,Asphalt Cold-Mix Repair (PWD/NHAI)
675,2026-09-14 09:21:18,POTHOLE,0.77,5.1,HIGH,514,149,232,230,268,SURFACE_CAVITY_AI,26.728271,83.41008,Mohaddipur Chauraha -> AIIMS Gorakhpur Transit Stop,UPSRTC-UP53-8821,Asphalt Cold-Mix Repair (PWD/NHAI)
684,2026-09-14 09:21:19,POTHOLE,0.74,2.7,MEDIUM,32,317,395,340,403,SURFACE_CAVITY_AI,26.727046,83.411513,Mohaddipur Chauraha -> AIIMS Gorakhpur Transit Stop,UPSRTC-UP53-8821,Asphalt Cold-Mix Repair (PWD/NHAI)
684,2026-09-14 09:21:19,POTHOLE,0.79,7.4,CRITICAL,980,35,216,106,268,SURFACE_CAVITY_AI,26.727046,83.411513,Mohaddipur Chauraha -> AIIMS Gorakhpur Transit Stop,UPSRTC-UP53-8821,Asphalt Cold-Mix Repair (PWD/NHAI)
684,2026-09-14 09:21:19,POTHOLE,0.77,5.5,HIGH,603,114,204,151,268,SURFACE_CAVITY_AI,26.727046,83.411513,Mohaddipur Chauraha -> AIIMS Gorakhpur Transit Stop,UPSRTC-UP53-8821,Asphalt Cold-Mix Repair (PWD/NHAI)
684,2026-09-14 09:21:19,POTHOLE,0.74,3.0,MEDIUM,95,318,205,340,216,SURFACE_CAVITY_AI,26.727046,83.411513,Mohaddipur Chauraha -> AIIMS Gorakhpur Transit Stop,UPSRTC-UP53-8821,Asphalt Cold-Mix Repair (PWD/NHAI)
693,2026-09-14 09:21:19,POTHOLE,0.85,13.6,CRITICAL,2221,307,309,376,402,SURFACE_CAVITY_AI,26.725888,83.412868,Mohaddipur Chauraha -> AIIMS Gorakhpur Transit Stop,UPSRTC-UP53-8821,Asphalt Cold-Mix Repair (PWD/NHAI)
693,2026-09-14 09:21:19,POTHOLE,0.79,7.5,CRITICAL,1003,44,204,120,268,SURFACE_CAVITY_AI,26.725888,83.412868,Mohaddipur Chauraha -> AIIMS Gorakhpur Transit Stop,UPSRTC-UP53-8821,Asphalt Cold-Mix Repair (PWD/NHAI)
693,2026-09-14 09:21:19,POTHOLE,0.75,3.1,MEDIUM,123,307,390,355,403,SURFACE_CAVITY_AI,26.725888,83.412868,Mohaddipur Chauraha -> AIIMS Gorakhpur Transit Stop,UPSRTC-UP53-8821,Asphalt Cold-Mix Repair (PWD/NHAI)
693,2026-09-14 09:21:19,POTHOLE,0.75,3.2,MEDIUM,135,111,256,147,268,SURFACE_CAVITY_AI,26.725888,83.412868,Mohaddipur Chauraha -> AIIMS Gorakhpur Transit Stop,UPSRTC-UP53-8821,Asphalt Cold-Mix Repair (PWD/NHAI)
702,2026-09-14 09:21:20,POTHOLE,0.75,4.0,HIGH,301,307,358,376,403,SURFACE_CAVITY_AI,26.724823,83.414114,Mohaddipur Chauraha -> AIIMS Gorakhpur Transit Stop,UPSRTC-UP53-8821,Asphalt Cold-Mix Repair (PWD/NHAI)
702,2026-09-14 09:21:20,POTHOLE,0.74,2.7,MEDIUM,34,357,387,370,403,SURFACE_CAVITY_AI,26.724823,83.414114,Mohaddipur Chauraha -> AIIMS Gorakhpur Transit Stop,UPSRTC-UP53-8821,Asphalt Cold-Mix Repair (PWD/NHAI)
702,2026-09-14 09:21:20,POTHOLE,0.74,2.8,MEDIUM,53,97,252,114,268,SURFACE_CAVITY_AI,26.724823,83.414114,Mohaddipur Chauraha -> AIIMS Gorakhpur Transit Stop,UPSRTC-UP53-8821,Asphalt Cold-Mix Repair (PWD/NHAI)
702,2026-09-14 09:21:20,POTHOLE,0.76,4.4,HIGH,371,178,240,225,268,SURFACE_CAVITY_AI,26.724823,83.414114,Mohaddipur Chauraha -> AIIMS Gorakhpur Transit Stop,UPSRTC-UP53-8821,Asphalt Cold-Mix Repair (PWD/NHAI)
711,2026-09-14 09:21:20,POTHOLE,0.77,5.6,HIGH,626,307,337,364,403,SURFACE_CAVITY_AI,26.723874,83.415223,Mohaddipur Chauraha -> AIIMS Gorakhpur Transit Stop,UPSRTC-UP53-8821,Asphalt Cold-Mix Repair (PWD/NHAI)
711,2026-09-14 09:21:20,POTHOLE,0.89,14.5,CRITICAL,3168,13,204,195,268,SURFACE_CAVITY_AI,26.723874,83.415223,Mohaddipur Chauraha -> AIIMS Gorakhpur Transit Stop,UPSRTC-UP53-8821,Asphalt Cold-Mix Repair (PWD/NHAI)
711,2026-09-14 09:21:20,POTHOLE,0.76,4.3,HIGH,351,353,356,376,403,SURFACE_CAVITY_AI,26.723874,83.415223,Mohaddipur Chauraha -> AIIMS Gorakhpur Transit Stop,UPSRTC-UP53-8821,Asphalt Cold-Mix Repair (PWD/NHAI)
711,2026-09-14 09:21:20,POTHOLE,0.74,2.8,MEDIUM,57,140,252,157,261,SURFACE_CAVITY_AI,26.723874,83.415223,Mohaddipur Chauraha -> AIIMS Gorakhpur Transit Stop,UPSRTC-UP53-8821,Asphalt Cold-Mix Repair (PWD/NHAI)
720,2026-09-14 09:21:20,POTHOLE,0.75,3.0,MEDIUM,103,307,342,326,360,SURFACE_CAVITY_AI,26.723063,83.416172,Mohaddipur Chauraha -> AIIMS Gorakhpur Transit Stop,UPSRTC-UP53-8821,Asphalt Cold-Mix Repair (PWD/NHAI)
720,2026-09-14 09:21:20,POTHOLE,0.76,4.2,HIGH,342,325,365,371,403,SURFACE_CAVITY_AI,26.723063,83.416172,Mohaddipur Chauraha -> AIIMS Gorakhpur Transit Stop,UPSRTC-UP53-8821,Asphalt Cold-Mix Repair (PWD/NHAI)
720,2026-09-14 09:21:20,POTHOLE,0.74,2.9,MEDIUM,81,336,361,353,381,SURFACE_CAVITY_AI,26.723063,83.416172,Mohaddipur Chauraha -> AIIMS Gorakhpur Transit Stop,UPSRTC-UP53-8821,Asphalt Cold-Mix Repair (PWD/NHAI)
720,2026-09-14 09:21:20,POTHOLE,0.74,2.7,MEDIUM,49,314,363,324,379,SURFACE_CAVITY_AI,26.723063,83.416172,Mohaddipur Chauraha -> AIIMS Gorakhpur Transit Stop,UPSRTC-UP53-8821,Asphalt Cold-Mix Repair (PWD/NHAI)
729,2026-09-14 09:21:21,POTHOLE,0.79,7.9,CRITICAL,1083,307,335,376,403,SURFACE_CAVITY_AI,26.722407,83.416939,Mohaddipur Chauraha -> AIIMS Gorakhpur Transit Stop,UPSRTC-UP53-8821,Asphalt Cold-Mix Repair (PWD/NHAI)
729,2026-09-14 09:21:21,POTHOLE,0.74,2.7,MEDIUM,32,195,226,208,237,SURFACE_CAVITY_AI,26.722407,83.416939,Mohaddipur Chauraha -> AIIMS Gorakhpur Transit Stop,UPSRTC-UP53-8821,Asphalt Cold-Mix Repair (PWD/NHAI)
729,2026-09-14 09:21:21,POTHOLE,0.74,2.8,MEDIUM,65,196,205,209,215,SURFACE_CAVITY_AI,26.722407,83.416939,Mohaddipur Chauraha -> AIIMS Gorakhpur Transit Stop,UPSRTC-UP53-8821,Asphalt Cold-Mix Repair (PWD/NHAI)
729,2026-09-14 09:21:21,POTHOLE,0.74,2.7,MEDIUM,41,227,227,247,238,SURFACE_CAVITY_AI,26.722407,83.416939,Mohaddipur Chauraha -> AIIMS Gorakhpur Transit Stop,UPSRTC-UP53-8821,Asphalt Cold-Mix Repair (PWD/NHAI)
738,2026-09-14 09:21:21,POTHOLE,0.82,10.4,CRITICAL,1582,307,316,376,403,SURFACE_CAVITY_AI,26.721922,83.417507,Mohaddipur Chauraha -> AIIMS Gorakhpur Transit Stop,UPSRTC-UP53-8821,Asphalt Cold-Mix Repair (PWD/NHAI)
738,2026-09-14 09:21:21,POTHOLE,0.75,3.8,MEDIUM,269,138,250,195,268,SURFACE_CAVITY_AI,26.721922,83.417507,Mohaddipur Chauraha -> AIIMS Gorakhpur Transit Stop,UPSRTC-UP53-8821,Asphalt Cold-Mix Repair (PWD/NHAI)
738,2026-09-14 09:21:21,POTHOLE,0.74,2.8,MEDIUM,63,239,242,258,251,SURFACE_CAVITY_AI,26.721922,83.417507,Mohaddipur Chauraha -> AIIMS Gorakhpur Transit Stop,UPSRTC-UP53-8821,Asphalt Cold-Mix Repair (PWD/NHAI)
738,2026-09-14 09:21:21,POTHOLE,0.74,2.7,MEDIUM,33,192,213,206,225,SURFACE_CAVITY_AI,26.721922,83.417507,Mohaddipur Chauraha -> AIIMS Gorakhpur Transit Stop,UPSRTC-UP53-8821,Asphalt Cold-Mix Repair (PWD/NHAI)
747,2026-09-14 09:21:22,POTHOLE,0.79,7.7,CRITICAL,1039,307,275,375,363,SURFACE_CAVITY_AI,26.721618,83.417863,Mohaddipur Chauraha -> AIIMS Gorakhpur Transit Stop,UPSRTC-UP53-8821,Asphalt Cold-Mix Repair (PWD/NHAI)
747,2026-09-14 09:21:22,POTHOLE,0.74,2.7,MEDIUM,49,352,301,362,320,SURFACE_CAVITY_AI,26.721618,83.417863,Mohaddipur Chauraha -> AIIMS Gorakhpur Transit Stop,UPSRTC-UP53-8821,Asphalt Cold-Mix Repair (PWD/NHAI)
747,2026-09-14 09:21:22,POTHOLE,0.74,2.7,MEDIUM,35,292,239,309,247,SURFACE_CAVITY_AI,26.721618,83.417863,Mohaddipur Chauraha -> AIIMS Gorakhpur Transit Stop,UPSRTC-UP53-8821,Asphalt Cold-Mix Repair (PWD/NHAI)
747,2026-09-14 09:21:22,POTHOLE,0.74,2.8,MEDIUM,63,307,248,337,268,SURFACE_CAVITY_AI,26.721618,83.417863,Mohaddipur Chauraha -> AIIMS Gorakhpur Transit Stop,UPSRTC-UP53-8821,Asphalt Cold-Mix Repair (PWD/NHAI)
756,2026-09-14 09:21:22,POTHOLE,0.76,4.2,HIGH,338,262,236,309,268,SURFACE_CAVITY_AI,26.721501,83.417999,Mohaddipur Chauraha -> AIIMS Gorakhpur Transit Stop,UPSRTC-UP53-8821,Asphalt Cold-Mix Repair (PWD/NHAI)
756,2026-09-14 09:21:22,POTHOLE,0.75,3.1,MEDIUM,128,307,364,322,380,SURFACE_CAVITY_AI,26.721501,83.417999,Mohaddipur Chauraha -> AIIMS Gorakhpur Transit Stop,UPSRTC-UP53-8821,Asphalt Cold-Mix Repair (PWD/NHAI)
756,2026-09-14 09:21:22,POTHOLE,0.77,5.7,HIGH,645,307,251,374,326,SURFACE_CAVITY_AI,26.721501,83.417999,Mohaddipur Chauraha -> AIIMS Gorakhpur Transit Stop,UPSRTC-UP53-8821,Asphalt Cold-Mix Repair (PWD/NHAI)
756,2026-09-14 09:21:22,POTHOLE,0.75,3.3,MEDIUM,161,319,232,370,254,SURFACE_CAVITY_AI,26.721501,83.417999,Mohaddipur Chauraha -> AIIMS Gorakhpur Transit Stop,UPSRTC-UP53-8821,Asphalt Cold-Mix Repair (PWD/NHAI)
