Frame,Detection,Confidence,Estimated_Depth_cm,Severity,X1,Y1,X2,Y2,Source,Latitude,Longitude,Road_Segment,Bus_ID,Timestamp
9,POTHOLE,0.72,2.8,MEDIUM,310,306,338,323,SURFACE_CAVITY_AI,26.758762,83.36973,Gorakhpur Railway Station -> Golghar Commercial Center,UPSRTC-UP53-8821,2026-09-13 23:32:34
9,POTHOLE,0.73,3.0,MEDIUM,307,387,328,403,SURFACE_CAVITY_AI,26.758762,83.36973,Gorakhpur Railway Station -> Golghar Commercial Center,UPSRTC-UP53-8821,2026-09-13 23:32:34
18,POTHOLE,0.82,11.2,CRITICAL,307,311,376,388,SURFACE_CAVITY_AI,26.758649,83.369817,Gorakhpur Railway Station -> Golghar Commercial Center,UPSRTC-UP53-8821,2026-09-13 23:32:40
18,POTHOLE,0.72,2.8,MEDIUM,327,278,345,311,SURFACE_CAVITY_AI,26.758649,83.369817,Gorakhpur Railway Station -> Golghar Commercial Center,UPSRTC-UP53-8821,2026-09-13 23:32:40
18,POTHOLE,0.73,3.6,MEDIUM,307,379,341,403,SURFACE_CAVITY_AI,26.758649,83.369817,Gorakhpur Railway Station -> Golghar Commercial Center,UPSRTC-UP53-8821,2026-09-13 23:32:40
18,POTHOLE,0.73,3.0,MEDIUM,341,384,375,403,SURFACE_CAVITY_AI,26.758649,83.369817,Gorakhpur Railway Station -> Golghar Commercial Center,UPSRTC-UP53-8821,2026-09-13 23:32:40
27,POTHOLE,0.76,6.5,CRITICAL,326,294,374,341,SURFACE_CAVITY_AI,26.758464,83.369962,Gorakhpur Railway Station -> Golghar Commercial Center,UPSRTC-UP53-8821,2026-09-13 23:32:40
36,POTHOLE,0.74,4.2,HIGH,308,375,360,402,SURFACE_CAVITY_AI,26.758211,83.370159,Gorakhpur Railway Station -> Golghar Commercial Center,UPSRTC-UP53-8821,2026-09-13 23:32:41
36,POTHOLE,0.73,3.7,MEDIUM,351,357,375,391,SURFACE_CAVITY_AI,26.758211,83.370159,Gorakhpur Railway Station -> Golghar Commercial Center,UPSRTC-UP53-8821,2026-09-13 23:32:41
36,POTHOLE,0.73,3.3,MEDIUM,348,328,374,353,SURFACE_CAVITY_AI,26.758211,83.370159,Gorakhpur Railway Station -> Golghar Commercial Center,UPSRTC-UP53-8821,2026-09-13 23:32:41
36,POTHOLE,0.72,2.8,MEDIUM,308,359,322,374,SURFACE_CAVITY_AI,26.758211,83.370159,Gorakhpur Railway Station -> Golghar Commercial Center,UPSRTC-UP53-8821,2026-09-13 23:32:41
54,POTHOLE,0.72,2.9,MEDIUM,328,359,341,397,SURFACE_CAVITY_AI,26.757523,83.370695,Gorakhpur Railway Station -> Golghar Commercial Center,UPSRTC-UP53-8821,2026-09-13 23:32:42
54,POTHOLE,0.72,2.7,MEDIUM,314,385,323,403,SURFACE_CAVITY_AI,26.757523,83.370695,Gorakhpur Railway Station -> Golghar Commercial Center,UPSRTC-UP53-8821,2026-09-13 23:32:42
54,POTHOLE,0.73,3.0,MEDIUM,337,330,374,348,SURFACE_CAVITY_AI,26.757523,83.370695,Gorakhpur Railway Station -> Golghar Commercial Center,UPSRTC-UP53-8821,2026-09-13 23:32:42
54,POTHOLE,0.72,2.8,MEDIUM,138,231,151,243,SURFACE_CAVITY_AI,26.757523,83.370695,Gorakhpur Railway Station -> Golghar Commercial Center,UPSRTC-UP53-8821,2026-09-13 23:32:42
63,POTHOLE,0.77,6.7,CRITICAL,196,226,285,268,SURFACE_CAVITY_AI,26.757104,83.371022,Gorakhpur Railway Station -> Golghar Commercial Center,UPSRTC-UP53-8821,2026-09-13 23:32:42
63,POTHOLE,0.78,8.2,CRITICAL,307,295,375,384,SURFACE_CAVITY_AI,26.757104,83.371022,Gorakhpur Railway Station -> Golghar Commercial Center,UPSRTC-UP53-8821,2026-09-13 23:32:42
63,POTHOLE,0.72,2.7,MEDIUM,181,252,190,264,SURFACE_CAVITY_AI,26.757104,83.371022,Gorakhpur Railway Station -> Golghar Commercial Center,UPSRTC-UP53-8821,2026-09-13 23:32:42
63,POTHOLE,0.73,3.0,MEDIUM,350,385,376,403,SURFACE_CAVITY_AI,26.757104,83.371022,Gorakhpur Railway Station -> Golghar Commercial Center,UPSRTC-UP53-8821,2026-09-13 23:32:42
72,POTHOLE,0.81,10.1,CRITICAL,307,363,376,403,SURFACE_CAVITY_AI,26.756647,83.371378,Gorakhpur Railway Station -> Golghar Commercial Center,UPSRTC-UP53-8821,2026-09-13 23:32:43
72,POTHOLE,0.77,7.3,CRITICAL,307,271,350,363,SURFACE_CAVITY_AI,26.756647,83.371378,Gorakhpur Railway Station -> Golghar Commercial Center,UPSRTC-UP53-8821,2026-09-13 23:32:43
72,POTHOLE,0.72,2.9,MEDIUM,348,282,373,298,SURFACE_CAVITY_AI,26.756647,83.371378,Gorakhpur Railway Station -> Golghar Commercial Center,UPSRTC-UP53-8821,2026-09-13 23:32:43
72,POTHOLE,0.72,2.7,MEDIUM,355,351,368,361,SURFACE_CAVITY_AI,26.756647,83.371378,Gorakhpur Railway Station -> Golghar Commercial Center,UPSRTC-UP53-8821,2026-09-13 23:32:43
81,POTHOLE,0.74,4.0,HIGH,136,240,173,268,SURFACE_CAVITY_AI,26.756162,83.371756,Gorakhpur Railway Station -> Golghar Commercial Center,UPSRTC-UP53-8821,2026-09-13 23:32:44
81,POTHOLE,0.73,3.6,MEDIUM,89,240,134,265,SURFACE_CAVITY_AI,26.756162,83.371756,Gorakhpur Railway Station -> Golghar Commercial Center,UPSRTC-UP53-8821,2026-09-13 23:32:44
81,POTHOLE,0.72,2.8,MEDIUM,85,226,106,240,SURFACE_CAVITY_AI,26.756162,83.371756,Gorakhpur Railway Station -> Golghar Commercial Center,UPSRTC-UP53-8821,2026-09-13 23:32:44
81,POTHOLE,0.72,2.7,MEDIUM,159,255,173,268,SURFACE_CAVITY_AI,26.756162,83.371756,Gorakhpur Railway Station -> Golghar Commercial Center,UPSRTC-UP53-8821,2026-09-13 23:32:44
99,POTHOLE,0.73,3.5,MEDIUM,307,383,334,403,SURFACE_CAVITY_AI,26.755153,83.372542,Gorakhpur Railway Station -> Golghar Commercial Center,UPSRTC-UP53-8821,2026-09-13 23:32:45
117,POTHOLE,0.76,6.1,HIGH,330,291,373,337,SURFACE_CAVITY_AI,26.754166,83.373312,Gorakhpur Railway Station -> Golghar Commercial Center,UPSRTC-UP53-8821,2026-09-13 23:32:46
117,POTHOLE,0.75,5.6,HIGH,320,361,376,403,SURFACE_CAVITY_AI,26.754166,83.373312,Gorakhpur Railway Station -> Golghar Commercial Center,UPSRTC-UP53-8821,2026-09-13 23:32:46
117,POTHOLE,0.74,4.6,HIGH,229,228,275,265,SURFACE_CAVITY_AI,26.754166,83.373312,Gorakhpur Railway Station -> Golghar Commercial Center,UPSRTC-UP53-8821,2026-09-13 23:32:46
117,POTHOLE,0.73,3.2,MEDIUM,286,257,317,268,SURFACE_CAVITY_AI,26.754166,83.373312,Gorakhpur Railway Station -> Golghar Commercial Center,UPSRTC-UP53-8821,2026-09-13 23:32:46
126,POTHOLE,0.78,7.6,CRITICAL,307,313,374,357,SURFACE_CAVITY_AI,26.753708,83.373669,Gorakhpur Railway Station -> Golghar Commercial Center,UPSRTC-UP53-8821,2026-09-13 23:32:46
126,POTHOLE,0.75,5.1,HIGH,307,266,372,311,SURFACE_CAVITY_AI,26.753708,83.373669,Gorakhpur Railway Station -> Golghar Commercial Center,UPSRTC-UP53-8821,2026-09-13 23:32:46
126,POTHOLE,0.74,4.1,HIGH,315,225,366,260,SURFACE_CAVITY_AI,26.753708,83.373669,Gorakhpur Railway Station -> Golghar Commercial Center,UPSRTC-UP53-8821,2026-09-13 23:32:46
126,POTHOLE,0.73,3.4,MEDIUM,16,229,45,248,SURFACE_CAVITY_AI,26.753708,83.373669,Gorakhpur Railway Station -> Golghar Commercial Center,UPSRTC-UP53-8821,2026-09-13 23:32:46
135,POTHOLE,0.76,6.0,HIGH,151,244,231,268,SURFACE_CAVITY_AI,26.753288,83.373996,Gorakhpur Railway Station -> Golghar Commercial Center,UPSRTC-UP53-8821,2026-09-13 23:32:47
135,POTHOLE,0.74,4.1,HIGH,249,246,291,268,SURFACE_CAVITY_AI,26.753288,83.373996,Gorakhpur Railway Station -> Golghar Commercial Center,UPSRTC-UP53-8821,2026-09-13 23:32:47
135,POTHOLE,0.72,2.9,MEDIUM,63,260,94,268,SURFACE_CAVITY_AI,26.753288,83.373996,Gorakhpur Railway Station -> Golghar Commercial Center,UPSRTC-UP53-8821,2026-09-13 23:32:47
135,POTHOLE,0.73,3.1,MEDIUM,13,256,39,268,SURFACE_CAVITY_AI,26.753288,83.373996,Gorakhpur Railway Station -> Golghar Commercial Center,UPSRTC-UP53-8821,2026-09-13 23:32:47
144,POTHOLE,0.72,2.7,MEDIUM,221,232,237,244,SURFACE_CAVITY_AI,26.752915,83.374287,Gorakhpur Railway Station -> Golghar Commercial Center,UPSRTC-UP53-8821,2026-09-13 23:32:47
144,POTHOLE,0.73,3.2,MEDIUM,338,256,371,272,SURFACE_CAVITY_AI,26.752915,83.374287,Gorakhpur Railway Station -> Golghar Commercial Center,UPSRTC-UP53-8821,2026-09-13 23:32:47
144,POTHOLE,0.73,3.3,MEDIUM,329,278,372,295,SURFACE_CAVITY_AI,26.752915,83.374287,Gorakhpur Railway Station -> Golghar Commercial Center,UPSRTC-UP53-8821,2026-09-13 23:32:47
144,POTHOLE,0.72,2.8,MEDIUM,307,275,322,293,SURFACE_CAVITY_AI,26.752915,83.374287,Gorakhpur Railway Station -> Golghar Commercial Center,UPSRTC-UP53-8821,2026-09-13 23:32:47
153,POTHOLE,0.79,8.6,CRITICAL,307,344,375,403,SURFACE_CAVITY_AI,26.752597,83.374535,Gorakhpur Railway Station -> Golghar Commercial Center,UPSRTC-UP53-8821,2026-09-13 23:32:48
153,POTHOLE,0.75,5.3,HIGH,144,229,195,268,SURFACE_CAVITY_AI,26.752597,83.374535,Gorakhpur Railway Station -> Golghar Commercial Center,UPSRTC-UP53-8821,2026-09-13 23:32:48
153,POTHOLE,0.72,2.7,MEDIUM,83,261,103,268,SURFACE_CAVITY_AI,26.752597,83.374535,Gorakhpur Railway Station -> Golghar Commercial Center,UPSRTC-UP53-8821,2026-09-13 23:32:48
153,POTHOLE,0.73,3.0,MEDIUM,333,302,364,314,SURFACE_CAVITY_AI,26.752597,83.374535,Gorakhpur Railway Station -> Golghar Commercial Center,UPSRTC-UP53-8821,2026-09-13 23:32:48
162,POTHOLE,0.75,5.0,HIGH,121,244,180,268,SURFACE_CAVITY_AI,26.752342,83.374733,Gorakhpur Railway Station -> Golghar Commercial Center,UPSRTC-UP53-8821,2026-09-13 23:32:48
162,POTHOLE,0.72,2.9,MEDIUM,338,292,373,305,SURFACE_CAVITY_AI,26.752342,83.374733,Gorakhpur Railway Station -> Golghar Commercial Center,UPSRTC-UP53-8821,2026-09-13 23:32:48
162,POTHOLE,0.73,3.3,MEDIUM,315,323,351,341,SURFACE_CAVITY_AI,26.752342,83.374733,Gorakhpur Railway Station -> Golghar Commercial Center,UPSRTC-UP53-8821,2026-09-13 23:32:48
162,POTHOLE,0.72,2.6,MEDIUM,99,227,113,238,SURFACE_CAVITY_AI,26.752342,83.374733,Gorakhpur Railway Station -> Golghar Commercial Center,UPSRTC-UP53-8821,2026-09-13 23:32:48
171,POTHOLE,0.72,2.7,MEDIUM,234,243,248,250,SURFACE_CAVITY_AI,26.752155,83.374879,Gorakhpur Railway Station -> Golghar Commercial Center,UPSRTC-UP53-8821,2026-09-13 23:32:49
171,POTHOLE,0.72,2.9,MEDIUM,133,243,162,258,SURFACE_CAVITY_AI,26.752155,83.374879,Gorakhpur Railway Station -> Golghar Commercial Center,UPSRTC-UP53-8821,2026-09-13 23:32:49
171,POTHOLE,0.72,2.9,MEDIUM,343,268,372,281,SURFACE_CAVITY_AI,26.752155,83.374879,Gorakhpur Railway Station -> Golghar Commercial Center,UPSRTC-UP53-8821,2026-09-13 23:32:49
171,POTHOLE,0.73,3.6,MEDIUM,310,236,371,253,SURFACE_CAVITY_AI,26.752155,83.374879,Gorakhpur Railway Station -> Golghar Commercial Center,UPSRTC-UP53-8821,2026-09-13 23:32:49
180,POTHOLE,0.72,2.8,MEDIUM,176,257,215,268,SURFACE_CAVITY_AI,26.75204,83.374969,Gorakhpur Railway Station -> Golghar Commercial Center,UPSRTC-UP53-8821,2026-09-13 23:32:49
180,POTHOLE,0.72,2.9,MEDIUM,327,280,351,292,SURFACE_CAVITY_AI,26.75204,83.374969,Gorakhpur Railway Station -> Golghar Commercial Center,UPSRTC-UP53-8821,2026-09-13 23:32:49
180,POTHOLE,0.74,4.4,HIGH,208,239,265,260,SURFACE_CAVITY_AI,26.75204,83.374969,Gorakhpur Railway Station -> Golghar Commercial Center,UPSRTC-UP53-8821,2026-09-13 23:32:49
180,POTHOLE,0.73,3.4,MEDIUM,13,243,38,268,SURFACE_CAVITY_AI,26.75204,83.374969,Gorakhpur Railway Station -> Golghar Commercial Center,UPSRTC-UP53-8821,2026-09-13 23:32:49
189,POTHOLE,0.79,9.0,CRITICAL,204,230,372,288,SURFACE_CAVITY_AI,26.752,83.375,Gorakhpur Railway Station -> Golghar Commercial Center,UPSRTC-UP53-8821,2026-09-13 23:32:50
189,POTHOLE,0.73,3.0,MEDIUM,335,229,368,241,SURFACE_CAVITY_AI,26.752,83.375,Gorakhpur Railway Station -> Golghar Commercial Center,UPSRTC-UP53-8821,2026-09-13 23:32:50
189,POTHOLE,0.74,3.9,MEDIUM,307,283,363,301,SURFACE_CAVITY_AI,26.752,83.375,Gorakhpur Railway Station -> Golghar Commercial Center,UPSRTC-UP53-8821,2026-09-13 23:32:50
189,POTHOLE,0.72,2.8,MEDIUM,307,337,327,356,SURFACE_CAVITY_AI,26.752,83.375,Gorakhpur Railway Station -> Golghar Commercial Center,UPSRTC-UP53-8821,2026-09-13 23:32:50
198,POTHOLE,0.76,5.9,HIGH,316,288,373,350,SURFACE_CAVITY_AI,26.751963,83.375058,Golghar Commercial Center -> Civil Lines / Commissioner Office,UPSRTC-UP53-8821,2026-09-13 23:32:50
198,POTHOLE,0.75,5.2,HIGH,302,236,371,262,SURFACE_CAVITY_AI,26.751963,83.375058,Golghar Commercial Center -> Civil Lines / Commissioner Office,UPSRTC-UP53-8821,2026-09-13 23:32:50
198,POTHOLE,0.72,2.7,MEDIUM,14,239,23,251,SURFACE_CAVITY_AI,26.751963,83.375058,Golghar Commercial Center -> Civil Lines / Commissioner Office,UPSRTC-UP53-8821,2026-09-13 23:32:50
198,POTHOLE,0.73,3.2,MEDIUM,349,362,375,380,SURFACE_CAVITY_AI,26.751963,83.375058,Golghar Commercial Center -> Civil Lines / Commissioner Office,UPSRTC-UP53-8821,2026-09-13 23:32:50
207,POTHOLE,0.75,5.6,HIGH,296,234,371,275,SURFACE_CAVITY_AI,26.751849,83.375237,Golghar Commercial Center -> Civil Lines / Commissioner Office,UPSRTC-UP53-8821,2026-09-13 23:32:51
207,POTHOLE,0.72,2.9,MEDIUM,336,263,371,272,SURFACE_CAVITY_AI,26.751849,83.375237,Golghar Commercial Center -> Civil Lines / Commissioner Office,UPSRTC-UP53-8821,2026-09-13 23:32:51
207,POTHOLE,0.74,4.2,HIGH,320,303,358,340,SURFACE_CAVITY_AI,26.751849,83.375237,Golghar Commercial Center -> Civil Lines / Commissioner Office,UPSRTC-UP53-8821,2026-09-13 23:32:51
207,POTHOLE,0.73,3.4,MEDIUM,335,275,372,291,SURFACE_CAVITY_AI,26.751849,83.375237,Golghar Commercial Center -> Civil Lines / Commissioner Office,UPSRTC-UP53-8821,2026-09-13 23:32:51
216,POTHOLE,0.79,8.5,CRITICAL,307,258,373,314,SURFACE_CAVITY_AI,26.751661,83.375533,Golghar Commercial Center -> Civil Lines / Commissioner Office,UPSRTC-UP53-8821,2026-09-13 23:32:51
216,POTHOLE,0.76,6.5,CRITICAL,339,323,376,403,SURFACE_CAVITY_AI,26.751661,83.375533,Golghar Commercial Center -> Civil Lines / Commissioner Office,UPSRTC-UP53-8821,2026-09-13 23:32:51
216,POTHOLE,0.72,2.7,MEDIUM,332,309,349,319,SURFACE_CAVITY_AI,26.751661,83.375533,Golghar Commercial Center -> Civil Lines / Commissioner Office,UPSRTC-UP53-8821,2026-09-13 23:32:51
216,POTHOLE,0.73,3.6,MEDIUM,114,234,134,268,SURFACE_CAVITY_AI,26.751661,83.375533,Golghar Commercial Center -> Civil Lines / Commissioner Office,UPSRTC-UP53-8821,2026-09-13 23:32:51
225,POTHOLE,0.73,3.7,MEDIUM,344,268,372,296,SURFACE_CAVITY_AI,26.751402,83.37594,Golghar Commercial Center -> Civil Lines / Commissioner Office,UPSRTC-UP53-8821,2026-09-13 23:32:52
225,POTHOLE,0.73,3.1,MEDIUM,335,286,358,303,SURFACE_CAVITY_AI,26.751402,83.37594,Golghar Commercial Center -> Civil Lines / Commissioner Office,UPSRTC-UP53-8821,2026-09-13 23:32:52
225,POTHOLE,0.74,4.3,HIGH,348,303,375,371,SURFACE_CAVITY_AI,26.751402,83.37594,Golghar Commercial Center -> Civil Lines / Commissioner Office,UPSRTC-UP53-8821,2026-09-13 23:32:52
225,POTHOLE,0.73,3.2,MEDIUM,55,243,76,268,SURFACE_CAVITY_AI,26.751402,83.37594,Golghar Commercial Center -> Civil Lines / Commissioner Office,UPSRTC-UP53-8821,2026-09-13 23:32:52
234,POTHOLE,0.73,3.1,MEDIUM,357,318,374,339,SURFACE_CAVITY_AI,26.751078,83.376449,Golghar Commercial Center -> Civil Lines / Commissioner Office,UPSRTC-UP53-8821,2026-09-13 23:32:52
234,POTHOLE,0.72,2.7,MEDIUM,362,389,376,403,SURFACE_CAVITY_AI,26.751078,83.376449,Golghar Commercial Center -> Civil Lines / Commissioner Office,UPSRTC-UP53-8821,2026-09-13 23:32:52
243,POTHOLE,0.72,2.9,MEDIUM,356,308,372,322,SURFACE_CAVITY_AI,26.750697,83.377048,Golghar Commercial Center -> Civil Lines / Commissioner Office,UPSRTC-UP53-8821,2026-09-13 23:32:53
243,POTHOLE,0.73,3.0,MEDIUM,347,384,376,403,SURFACE_CAVITY_AI,26.750697,83.377048,Golghar Commercial Center -> Civil Lines / Commissioner Office,UPSRTC-UP53-8821,2026-09-13 23:32:53
243,POTHOLE,0.72,2.9,MEDIUM,307,376,327,403,SURFACE_CAVITY_AI,26.750697,83.377048,Golghar Commercial Center -> Civil Lines / Commissioner Office,UPSRTC-UP53-8821,2026-09-13 23:32:53
252,POTHOLE,0.78,7.9,CRITICAL,307,326,341,401,SURFACE_CAVITY_AI,26.750267,83.377724,Golghar Commercial Center -> Civil Lines / Commissioner Office,UPSRTC-UP53-8821,2026-09-13 23:32:53
252,POTHOLE,0.73,3.2,MEDIUM,342,367,376,399,SURFACE_CAVITY_AI,26.750267,83.377724,Golghar Commercial Center -> Civil Lines / Commissioner Office,UPSRTC-UP53-8821,2026-09-13 23:32:53
261,POTHOLE,0.75,4.8,HIGH,307,324,374,403,SURFACE_CAVITY_AI,26.749797,83.378461,Golghar Commercial Center -> Civil Lines / Commissioner Office,UPSRTC-UP53-8821,2026-09-13 23:32:54
261,POTHOLE,0.72,2.8,MEDIUM,307,348,326,355,SURFACE_CAVITY_AI,26.749797,83.378461,Golghar Commercial Center -> Civil Lines / Commissioner Office,UPSRTC-UP53-8821,2026-09-13 23:32:54
270,POTHOLE,0.78,7.7,CRITICAL,307,293,376,389,SURFACE_CAVITY_AI,26.749299,83.379244,Golghar Commercial Center -> Civil Lines / Commissioner Office,UPSRTC-UP53-8821,2026-09-13 23:32:54
270,POTHOLE,0.73,3.3,MEDIUM,316,374,345,388,SURFACE_CAVITY_AI,26.749299,83.379244,Golghar Commercial Center -> Civil Lines / Commissioner Office,UPSRTC-UP53-8821,2026-09-13 23:32:54
270,POTHOLE,0.74,4.0,HIGH,307,319,345,378,SURFACE_CAVITY_AI,26.749299,83.379244,Golghar Commercial Center -> Civil Lines / Commissioner Office,UPSRTC-UP53-8821,2026-09-13 23:32:54
270,POTHOLE,0.72,2.7,MEDIUM,13,253,21,264,SURFACE_CAVITY_AI,26.749299,83.379244,Golghar Commercial Center -> Civil Lines / Commissioner Office,UPSRTC-UP53-8821,2026-09-13 23:32:54
279,POTHOLE,0.79,8.8,CRITICAL,307,305,376,388,SURFACE_CAVITY_AI,26.748783,83.380055,Golghar Commercial Center -> Civil Lines / Commissioner Office,UPSRTC-UP53-8821,2026-09-13 23:32:55
279,POTHOLE,0.73,3.2,MEDIUM,307,383,351,397,SURFACE_CAVITY_AI,26.748783,83.380055,Golghar Commercial Center -> Civil Lines / Commissioner Office,UPSRTC-UP53-8821,2026-09-13 23:32:55
279,POTHOLE,0.72,2.7,MEDIUM,361,387,376,397,SURFACE_CAVITY_AI,26.748783,83.380055,Golghar Commercial Center -> Civil Lines / Commissioner Office,UPSRTC-UP53-8821,2026-09-13 23:32:55
279,POTHOLE,0.73,3.1,MEDIUM,173,243,195,268,SURFACE_CAVITY_AI,26.748783,83.380055,Golghar Commercial Center -> Civil Lines / Commissioner Office,UPSRTC-UP53-8821,2026-09-13 23:32:55
297,POTHOLE,0.93,15.0,CRITICAL,307,270,376,396,SURFACE_CAVITY_AI,26.747743,83.381689,Golghar Commercial Center -> Civil Lines / Commissioner Office,UPSRTC-UP53-8821,2026-09-13 23:32:56
306,POTHOLE,0.78,8.1,CRITICAL,307,288,376,383,SURFACE_CAVITY_AI,26.747243,83.382475,Golghar Commercial Center -> Civil Lines / Commissioner Office,UPSRTC-UP53-8821,2026-09-13 23:32:57
306,POTHOLE,0.72,2.8,MEDIUM,136,233,151,246,SURFACE_CAVITY_AI,26.747243,83.382475,Golghar Commercial Center -> Civil Lines / Commissioner Office,UPSRTC-UP53-8821,2026-09-13 23:32:57
306,POTHOLE,0.72,2.7,MEDIUM,134,253,151,267,SURFACE_CAVITY_AI,26.747243,83.382475,Golghar Commercial Center -> Civil Lines / Commissioner Office,UPSRTC-UP53-8821,2026-09-13 23:32:57
306,POTHOLE,0.72,2.7,MEDIUM,338,355,360,365,SURFACE_CAVITY_AI,26.747243,83.382475,Golghar Commercial Center -> Civil Lines / Commissioner Office,UPSRTC-UP53-8821,2026-09-13 23:32:57
315,POTHOLE,0.81,10.7,CRITICAL,323,265,374,359,SURFACE_CAVITY_AI,26.746771,83.383217,Golghar Commercial Center -> Civil Lines / Commissioner Office,UPSRTC-UP53-8821,2026-09-13 23:32:57
315,POTHOLE,0.74,4.2,HIGH,114,226,136,268,SURFACE_CAVITY_AI,26.746771,83.383217,Golghar Commercial Center -> Civil Lines / Commissioner Office,UPSRTC-UP53-8821,2026-09-13 23:32:57
315,POTHOLE,0.72,2.7,MEDIUM,308,336,326,343,SURFACE_CAVITY_AI,26.746771,83.383217,Golghar Commercial Center -> Civil Lines / Commissioner Office,UPSRTC-UP53-8821,2026-09-13 23:32:57
324,POTHOLE,0.77,6.8,CRITICAL,307,284,367,379,SURFACE_CAVITY_AI,26.746337,83.383899,Golghar Commercial Center -> Civil Lines / Commissioner Office,UPSRTC-UP53-8821,2026-09-13 23:32:58
324,POTHOLE,0.72,2.9,MEDIUM,114,243,130,258,SURFACE_CAVITY_AI,26.746337,83.383899,Golghar Commercial Center -> Civil Lines / Commissioner Office,UPSRTC-UP53-8821,2026-09-13 23:32:58
333,POTHOLE,0.78,7.6,CRITICAL,307,337,357,395,SURFACE_CAVITY_AI,26.745952,83.384504,Golghar Commercial Center -> Civil Lines / Commissioner Office,UPSRTC-UP53-8821,2026-09-13 23:32:58
333,POTHOLE,0.73,3.6,MEDIUM,307,301,356,336,SURFACE_CAVITY_AI,26.745952,83.384504,Golghar Commercial Center -> Civil Lines / Commissioner Office,UPSRTC-UP53-8821,2026-09-13 23:32:58
333,POTHOLE,0.72,2.9,MEDIUM,96,251,122,268,SURFACE_CAVITY_AI,26.745952,83.384504,Golghar Commercial Center -> Civil Lines / Commissioner Office,UPSRTC-UP53-8821,2026-09-13 23:32:58
342,POTHOLE,0.82,11.4,CRITICAL,307,314,350,403,SURFACE_CAVITY_AI,26.745623,83.385021,Golghar Commercial Center -> Civil Lines / Commissioner Office,UPSRTC-UP53-8821,2026-09-13 23:32:59
351,POTHOLE,0.76,5.6,HIGH,307,335,330,403,SURFACE_CAVITY_AI,26.745358,83.385437,Golghar Commercial Center -> Civil Lines / Commissioner Office,UPSRTC-UP53-8821,2026-09-13 23:32:59
351,POTHOLE,0.73,3.4,MEDIUM,46,241,70,268,SURFACE_CAVITY_AI,26.745358,83.385437,Golghar Commercial Center -> Civil Lines / Commissioner Office,UPSRTC-UP53-8821,2026-09-13 23:32:59
351,POTHOLE,0.72,2.6,MEDIUM,327,283,340,294,SURFACE_CAVITY_AI,26.745358,83.385437,Golghar Commercial Center -> Civil Lines / Commissioner Office,UPSRTC-UP53-8821,2026-09-13 23:32:59
360,POTHOLE,0.72,2.9,MEDIUM,307,378,315,403,SURFACE_CAVITY_AI,26.745164,83.385743,Golghar Commercial Center -> Civil Lines / Commissioner Office,UPSRTC-UP53-8821,2026-09-13 23:33:00
360,POTHOLE,0.75,4.9,HIGH,304,265,344,299,SURFACE_CAVITY_AI,26.745164,83.385743,Golghar Commercial Center -> Civil Lines / Commissioner Office,UPSRTC-UP53-8821,2026-09-13 23:33:00
360,POTHOLE,0.73,3.4,MEDIUM,334,262,372,281,SURFACE_CAVITY_AI,26.745164,83.385743,Golghar Commercial Center -> Civil Lines / Commissioner Office,UPSRTC-UP53-8821,2026-09-13 23:33:00
360,POTHOLE,0.73,3.0,MEDIUM,346,336,374,349,SURFACE_CAVITY_AI,26.745164,83.385743,Golghar Commercial Center -> Civil Lines / Commissioner Office,UPSRTC-UP53-8821,2026-09-13 23:33:00
369,POTHOLE,0.79,8.4,CRITICAL,307,298,374,347,SURFACE_CAVITY_AI,26.745043,83.385932,Golghar Commercial Center -> Civil Lines / Commissioner Office,UPSRTC-UP53-8821,2026-09-13 23:33:00
369,POTHOLE,0.75,5.4,HIGH,307,263,354,297,SURFACE_CAVITY_AI,26.745043,83.385932,Golghar Commercial Center -> Civil Lines / Commissioner Office,UPSRTC-UP53-8821,2026-09-13 23:33:00
369,POTHOLE,0.72,2.8,MEDIUM,355,244,371,254,SURFACE_CAVITY_AI,26.745043,83.385932,Golghar Commercial Center -> Civil Lines / Commissioner Office,UPSRTC-UP53-8821,2026-09-13 23:33:00
369,POTHOLE,0.72,2.7,MEDIUM,353,228,367,236,SURFACE_CAVITY_AI,26.745043,83.385932,Golghar Commercial Center -> Civil Lines / Commissioner Office,UPSRTC-UP53-8821,2026-09-13 23:33:00
378,POTHOLE,0.74,4.6,HIGH,317,356,369,396,SURFACE_CAVITY_AI,26.745,83.386,Golghar Commercial Center -> Civil Lines / Commissioner Office,UPSRTC-UP53-8821,2026-09-13 23:33:01
378,POTHOLE,0.73,3.0,MEDIUM,356,349,375,369,SURFACE_CAVITY_AI,26.745,83.386,Golghar Commercial Center -> Civil Lines / Commissioner Office,UPSRTC-UP53-8821,2026-09-13 23:33:01
378,POTHOLE,0.72,2.7,MEDIUM,307,314,319,327,SURFACE_CAVITY_AI,26.745,83.386,Golghar Commercial Center -> Civil Lines / Commissioner Office,UPSRTC-UP53-8821,2026-09-13 23:33:01
378,POTHOLE,0.72,2.9,MEDIUM,315,245,330,262,SURFACE_CAVITY_AI,26.745,83.386,Golghar Commercial Center -> Civil Lines / Commissioner Office,UPSRTC-UP53-8821,2026-09-13 23:33:01
387,POTHOLE,0.73,3.3,MEDIUM,71,250,100,268,SURFACE_CAVITY_AI,26.744968,83.38606,Civil Lines / Commissioner Office -> Mohaddipur Chauraha,UPSRTC-UP53-8821,2026-09-13 23:33:01
387,POTHOLE,0.73,3.0,MEDIUM,307,363,324,379,SURFACE_CAVITY_AI,26.744968,83.38606,Civil Lines / Commissioner Office -> Mohaddipur Chauraha,UPSRTC-UP53-8821,2026-09-13 23:33:01
387,POTHOLE,0.72,2.8,MEDIUM,344,393,376,403,SURFACE_CAVITY_AI,26.744968,83.38606,Civil Lines / Commissioner Office -> Mohaddipur Chauraha,UPSRTC-UP53-8821,2026-09-13 23:33:01
387,POTHOLE,0.73,3.1,MEDIUM,307,328,335,348,SURFACE_CAVITY_AI,26.744968,83.38606,Civil Lines / Commissioner Office -> Mohaddipur Chauraha,UPSRTC-UP53-8821,2026-09-13 23:33:01
396,POTHOLE,0.75,5.1,HIGH,307,349,375,380,SURFACE_CAVITY_AI,26.744866,83.386251,Civil Lines / Commissioner Office -> Mohaddipur Chauraha,UPSRTC-UP53-8821,2026-09-13 23:33:02
396,POTHOLE,0.74,4.1,HIGH,44,224,75,268,SURFACE_CAVITY_AI,26.744866,83.386251,Civil Lines / Commissioner Office -> Mohaddipur Chauraha,UPSRTC-UP53-8821,2026-09-13 23:33:02
396,POTHOLE,0.73,3.8,MEDIUM,307,384,368,403,SURFACE_CAVITY_AI,26.744866,83.386251,Civil Lines / Commissioner Office -> Mohaddipur Chauraha,UPSRTC-UP53-8821,2026-09-13 23:33:02
396,POTHOLE,0.72,2.7,MEDIUM,353,317,367,325,SURFACE_CAVITY_AI,26.744866,83.386251,Civil Lines / Commissioner Office -> Mohaddipur Chauraha,UPSRTC-UP53-8821,2026-09-13 23:33:02
405,POTHOLE,0.82,11.5,CRITICAL,307,348,376,403,SURFACE_CAVITY_AI,26.744695,83.386571,Civil Lines / Commissioner Office -> Mohaddipur Chauraha,UPSRTC-UP53-8821,2026-09-13 23:33:02
405,POTHOLE,0.77,6.7,CRITICAL,320,240,371,304,SURFACE_CAVITY_AI,26.744695,83.386571,Civil Lines / Commissioner Office -> Mohaddipur Chauraha,UPSRTC-UP53-8821,2026-09-13 23:33:02
405,POTHOLE,0.72,2.8,MEDIUM,283,227,299,239,SURFACE_CAVITY_AI,26.744695,83.386571,Civil Lines / Commissioner Office -> Mohaddipur Chauraha,UPSRTC-UP53-8821,2026-09-13 23:33:02
405,POTHOLE,0.72,2.7,MEDIUM,307,314,321,327,SURFACE_CAVITY_AI,26.744695,83.386571,Civil Lines / Commissioner Office -> Mohaddipur Chauraha,UPSRTC-UP53-8821,2026-09-13 23:33:02
414,POTHOLE,0.72,2.7,MEDIUM,143,231,153,257,SURFACE_CAVITY_AI,26.74446,83.387012,Civil Lines / Commissioner Office -> Mohaddipur Chauraha,UPSRTC-UP53-8821,2026-09-13 23:33:03
414,POTHOLE,0.73,3.4,MEDIUM,112,224,154,268,SURFACE_CAVITY_AI,26.74446,83.387012,Civil Lines / Commissioner Office -> Mohaddipur Chauraha,UPSRTC-UP53-8821,2026-09-13 23:33:03
414,POTHOLE,0.73,3.4,MEDIUM,177,230,216,268,SURFACE_CAVITY_AI,26.74446,83.387012,Civil Lines / Commissioner Office -> Mohaddipur Chauraha,UPSRTC-UP53-8821,2026-09-13 23:33:03
414,POTHOLE,0.73,3.5,MEDIUM,262,226,301,268,SURFACE_CAVITY_AI,26.74446,83.387012,Civil Lines / Commissioner Office -> Mohaddipur Chauraha,UPSRTC-UP53-8821,2026-09-13 23:33:03
423,POTHOLE,0.92,15.0,CRITICAL,307,314,376,403,SURFACE_CAVITY_AI,26.744166,83.387564,Civil Lines / Commissioner Office -> Mohaddipur Chauraha,UPSRTC-UP53-8821,2026-09-13 23:33:03
423,POTHOLE,0.72,2.8,MEDIUM,343,280,372,293,SURFACE_CAVITY_AI,26.744166,83.387564,Civil Lines / Commissioner Office -> Mohaddipur Chauraha,UPSRTC-UP53-8821,2026-09-13 23:33:03
423,POTHOLE,0.72,2.7,MEDIUM,327,232,342,241,SURFACE_CAVITY_AI,26.744166,83.387564,Civil Lines / Commissioner Office -> Mohaddipur Chauraha,UPSRTC-UP53-8821,2026-09-13 23:33:03
432,POTHOLE,0.72,2.7,MEDIUM,368,371,376,392,SURFACE_CAVITY_AI,26.743819,83.388215,Civil Lines / Commissioner Office -> Mohaddipur Chauraha,UPSRTC-UP53-8821,2026-09-13 23:33:04
432,POTHOLE,0.72,2.8,MEDIUM,307,320,316,341,SURFACE_CAVITY_AI,26.743819,83.388215,Civil Lines / Commissioner Office -> Mohaddipur Chauraha,UPSRTC-UP53-8821,2026-09-13 23:33:04
432,POTHOLE,0.73,3.4,MEDIUM,307,386,354,403,SURFACE_CAVITY_AI,26.743819,83.388215,Civil Lines / Commissioner Office -> Mohaddipur Chauraha,UPSRTC-UP53-8821,2026-09-13 23:33:04
432,POTHOLE,0.72,2.9,MEDIUM,348,327,369,347,SURFACE_CAVITY_AI,26.743819,83.388215,Civil Lines / Commissioner Office -> Mohaddipur Chauraha,UPSRTC-UP53-8821,2026-09-13 23:33:04
441,POTHOLE,0.79,8.7,CRITICAL,307,348,376,403,SURFACE_CAVITY_AI,26.743427,83.38895,Civil Lines / Commissioner Office -> Mohaddipur Chauraha,UPSRTC-UP53-8821,2026-09-13 23:33:04
441,POTHOLE,0.75,5.0,HIGH,307,313,356,353,SURFACE_CAVITY_AI,26.743427,83.38895,Civil Lines / Commissioner Office -> Mohaddipur Chauraha,UPSRTC-UP53-8821,2026-09-13 23:33:04
441,POTHOLE,0.72,2.7,MEDIUM,364,397,376,403,SURFACE_CAVITY_AI,26.743427,83.38895,Civil Lines / Commissioner Office -> Mohaddipur Chauraha,UPSRTC-UP53-8821,2026-09-13 23:33:04
441,POTHOLE,0.72,2.8,MEDIUM,332,256,353,269,SURFACE_CAVITY_AI,26.743427,83.38895,Civil Lines / Commissioner Office -> Mohaddipur Chauraha,UPSRTC-UP53-8821,2026-09-13 23:33:04
450,POTHOLE,0.75,5.4,HIGH,307,376,353,403,SURFACE_CAVITY_AI,26.742998,83.389753,Civil Lines / Commissioner Office -> Mohaddipur Chauraha,UPSRTC-UP53-8821,2026-09-13 23:33:05
450,POTHOLE,0.75,4.8,HIGH,307,313,339,368,SURFACE_CAVITY_AI,26.742998,83.389753,Civil Lines / Commissioner Office -> Mohaddipur Chauraha,UPSRTC-UP53-8821,2026-09-13 23:33:05
450,POTHOLE,0.72,2.7,MEDIUM,331,334,343,351,SURFACE_CAVITY_AI,26.742998,83.389753,Civil Lines / Commissioner Office -> Mohaddipur Chauraha,UPSRTC-UP53-8821,2026-09-13 23:33:05
450,POTHOLE,0.72,2.8,MEDIUM,312,257,327,277,SURFACE_CAVITY_AI,26.742998,83.389753,Civil Lines / Commissioner Office -> Mohaddipur Chauraha,UPSRTC-UP53-8821,2026-09-13 23:33:05
477,POTHOLE,0.73,3.0,MEDIUM,222,235,242,268,SURFACE_CAVITY_AI,26.741594,83.392386,Civil Lines / Commissioner Office -> Mohaddipur Chauraha,UPSRTC-UP53-8821,2026-09-13 23:33:06
477,POTHOLE,0.72,2.7,MEDIUM,203,234,223,246,SURFACE_CAVITY_AI,26.741594,83.392386,Civil Lines / Commissioner Office -> Mohaddipur Chauraha,UPSRTC-UP53-8821,2026-09-13 23:33:06
513,POTHOLE,0.72,2.8,MEDIUM,354,287,372,298,SURFACE_CAVITY_AI,26.739833,83.395688,Civil Lines / Commissioner Office -> Mohaddipur Chauraha,UPSRTC-UP53-8821,2026-09-13 23:33:08
513,POTHOLE,0.72,2.9,MEDIUM,323,257,338,276,SURFACE_CAVITY_AI,26.739833,83.395688,Civil Lines / Commissioner Office -> Mohaddipur Chauraha,UPSRTC-UP53-8821,2026-09-13 23:33:08
513,POTHOLE,0.72,2.7,MEDIUM,316,277,338,284,SURFACE_CAVITY_AI,26.739833,83.395688,Civil Lines / Commissioner Office -> Mohaddipur Chauraha,UPSRTC-UP53-8821,2026-09-13 23:33:08
522,POTHOLE,0.72,2.8,MEDIUM,352,254,368,271,SURFACE_CAVITY_AI,26.739479,83.396351,Civil Lines / Commissioner Office -> Mohaddipur Chauraha,UPSRTC-UP53-8821,2026-09-13 23:33:09
522,POTHOLE,0.73,3.5,MEDIUM,334,263,372,295,SURFACE_CAVITY_AI,26.739479,83.396351,Civil Lines / Commissioner Office -> Mohaddipur Chauraha,UPSRTC-UP53-8821,2026-09-13 23:33:09
522,POTHOLE,0.72,2.7,MEDIUM,18,249,29,264,SURFACE_CAVITY_AI,26.739479,83.396351,Civil Lines / Commissioner Office -> Mohaddipur Chauraha,UPSRTC-UP53-8821,2026-09-13 23:33:09
522,POTHOLE,0.73,3.3,MEDIUM,315,243,350,273,SURFACE_CAVITY_AI,26.739479,83.396351,Civil Lines / Commissioner Office -> Mohaddipur Chauraha,UPSRTC-UP53-8821,2026-09-13 23:33:09
531,POTHOLE,0.82,11.3,CRITICAL,307,346,376,403,SURFACE_CAVITY_AI,26.739177,83.396918,Civil Lines / Commissioner Office -> Mohaddipur Chauraha,UPSRTC-UP53-8821,2026-09-13 23:33:09
531,POTHOLE,0.84,13.0,CRITICAL,307,273,375,362,SURFACE_CAVITY_AI,26.739177,83.396918,Civil Lines / Commissioner Office -> Mohaddipur Chauraha,UPSRTC-UP53-8821,2026-09-13 23:33:09
531,POTHOLE,0.73,3.7,MEDIUM,25,244,80,268,SURFACE_CAVITY_AI,26.739177,83.396918,Civil Lines / Commissioner Office -> Mohaddipur Chauraha,UPSRTC-UP53-8821,2026-09-13 23:33:09
531,POTHOLE,0.75,5.0,HIGH,263,239,322,271,SURFACE_CAVITY_AI,26.739177,83.396918,Civil Lines / Commissioner Office -> Mohaddipur Chauraha,UPSRTC-UP53-8821,2026-09-13 23:33:09
540,POTHOLE,0.72,2.8,MEDIUM,181,261,204,268,SURFACE_CAVITY_AI,26.738934,83.397375,Civil Lines / Commissioner Office -> Mohaddipur Chauraha,UPSRTC-UP53-8821,2026-09-13 23:33:10
540,POTHOLE,0.72,2.9,MEDIUM,348,232,367,253,SURFACE_CAVITY_AI,26.738934,83.397375,Civil Lines / Commissioner Office -> Mohaddipur Chauraha,UPSRTC-UP53-8821,2026-09-13 23:33:10
549,POTHOLE,0.78,7.5,CRITICAL,328,335,376,403,SURFACE_CAVITY_AI,26.738754,83.397712,Civil Lines / Commissioner Office -> Mohaddipur Chauraha,UPSRTC-UP53-8821,2026-09-13 23:33:10
549,POTHOLE,0.75,5.4,HIGH,307,295,358,352,SURFACE_CAVITY_AI,26.738754,83.397712,Civil Lines / Commissioner Office -> Mohaddipur Chauraha,UPSRTC-UP53-8821,2026-09-13 23:33:10
549,POTHOLE,0.72,2.8,MEDIUM,13,254,37,268,SURFACE_CAVITY_AI,26.738754,83.397712,Civil Lines / Commissioner Office -> Mohaddipur Chauraha,UPSRTC-UP53-8821,2026-09-13 23:33:10
549,POTHOLE,0.73,3.1,MEDIUM,13,229,44,255,SURFACE_CAVITY_AI,26.738754,83.397712,Civil Lines / Commissioner Office -> Mohaddipur Chauraha,UPSRTC-UP53-8821,2026-09-13 23:33:10
558,POTHOLE,0.82,11.5,CRITICAL,307,340,376,403,SURFACE_CAVITY_AI,26.738642,83.397922,Civil Lines / Commissioner Office -> Mohaddipur Chauraha,UPSRTC-UP53-8821,2026-09-13 23:33:11
558,POTHOLE,0.72,2.7,MEDIUM,140,228,152,239,SURFACE_CAVITY_AI,26.738642,83.397922,Civil Lines / Commissioner Office -> Mohaddipur Chauraha,UPSRTC-UP53-8821,2026-09-13 23:33:11
558,POTHOLE,0.73,3.3,MEDIUM,96,255,128,268,SURFACE_CAVITY_AI,26.738642,83.397922,Civil Lines / Commissioner Office -> Mohaddipur Chauraha,UPSRTC-UP53-8821,2026-09-13 23:33:11
558,POTHOLE,0.72,2.9,MEDIUM,132,247,145,263,SURFACE_CAVITY_AI,26.738642,83.397922,Civil Lines / Commissioner Office -> Mohaddipur Chauraha,UPSRTC-UP53-8821,2026-09-13 23:33:11
567,POTHOLE,0.74,4.2,HIGH,63,248,126,268,SURFACE_CAVITY_AI,26.7386,83.398,Civil Lines / Commissioner Office -> Mohaddipur Chauraha,UPSRTC-UP53-8821,2026-09-13 23:33:11
567,POTHOLE,0.73,3.0,MEDIUM,338,375,358,399,SURFACE_CAVITY_AI,26.7386,83.398,Civil Lines / Commissioner Office -> Mohaddipur Chauraha,UPSRTC-UP53-8821,2026-09-13 23:33:11
567,POTHOLE,0.73,3.6,MEDIUM,350,338,375,366,SURFACE_CAVITY_AI,26.7386,83.398,Civil Lines / Commissioner Office -> Mohaddipur Chauraha,UPSRTC-UP53-8821,2026-09-13 23:33:11
567,POTHOLE,0.72,2.9,MEDIUM,356,377,372,400,SURFACE_CAVITY_AI,26.7386,83.398,Civil Lines / Commissioner Office -> Mohaddipur Chauraha,UPSRTC-UP53-8821,2026-09-13 23:33:11
585,POTHOLE,0.92,15.0,CRITICAL,307,315,376,403,SURFACE_CAVITY_AI,26.738252,83.398407,Mohaddipur Chauraha -> AIIMS Gorakhpur Transit Stop,UPSRTC-UP53-8821,2026-09-13 23:33:12
585,POTHOLE,0.72,2.7,MEDIUM,44,254,53,268,SURFACE_CAVITY_AI,26.738252,83.398407,Mohaddipur Chauraha -> AIIMS Gorakhpur Transit Stop,UPSRTC-UP53-8821,2026-09-13 23:33:12
585,POTHOLE,0.72,2.8,MEDIUM,75,227,88,240,SURFACE_CAVITY_AI,26.738252,83.398407,Mohaddipur Chauraha -> AIIMS Gorakhpur Transit Stop,UPSRTC-UP53-8821,2026-09-13 23:33:12
585,POTHOLE,0.73,3.2,MEDIUM,145,236,177,251,SURFACE_CAVITY_AI,26.738252,83.398407,Mohaddipur Chauraha -> AIIMS Gorakhpur Transit Stop,UPSRTC-UP53-8821,2026-09-13 23:33:12
594,POTHOLE,0.72,2.8,MEDIUM,97,239,122,255,SURFACE_CAVITY_AI,26.737801,83.398934,Mohaddipur Chauraha -> AIIMS Gorakhpur Transit Stop,UPSRTC-UP53-8821,2026-09-13 23:33:13
594,POTHOLE,0.72,2.7,MEDIUM,49,252,67,263,SURFACE_CAVITY_AI,26.737801,83.398934,Mohaddipur Chauraha -> AIIMS Gorakhpur Transit Stop,UPSRTC-UP53-8821,2026-09-13 23:33:13
603,POTHOLE,0.73,3.8,MEDIUM,136,227,174,251,SURFACE_CAVITY_AI,26.737177,83.399664,Mohaddipur Chauraha -> AIIMS Gorakhpur Transit Stop,UPSRTC-UP53-8821,2026-09-13 23:33:13
603,POTHOLE,0.73,3.1,MEDIUM,62,238,89,254,SURFACE_CAVITY_AI,26.737177,83.399664,Mohaddipur Chauraha -> AIIMS Gorakhpur Transit Stop,UPSRTC-UP53-8821,2026-09-13 23:33:13
603,POTHOLE,0.74,4.5,HIGH,312,353,358,390,SURFACE_CAVITY_AI,26.737177,83.399664,Mohaddipur Chauraha -> AIIMS Gorakhpur Transit Stop,UPSRTC-UP53-8821,2026-09-13 23:33:13
603,POTHOLE,0.73,3.1,MEDIUM,356,383,374,401,SURFACE_CAVITY_AI,26.737177,83.399664,Mohaddipur Chauraha -> AIIMS Gorakhpur Transit Stop,UPSRTC-UP53-8821,2026-09-13 23:33:13
612,POTHOLE,0.75,5.4,HIGH,88,237,169,268,SURFACE_CAVITY_AI,26.736395,83.400579,Mohaddipur Chauraha -> AIIMS Gorakhpur Transit Stop,UPSRTC-UP53-8821,2026-09-13 23:33:14
612,POTHOLE,0.93,15.0,CRITICAL,307,285,375,403,SURFACE_CAVITY_AI,26.736395,83.400579,Mohaddipur Chauraha -> AIIMS Gorakhpur Transit Stop,UPSRTC-UP53-8821,2026-09-13 23:33:14
612,POTHOLE,0.73,3.0,MEDIUM,307,363,323,383,SURFACE_CAVITY_AI,26.736395,83.400579,Mohaddipur Chauraha -> AIIMS Gorakhpur Transit Stop,UPSRTC-UP53-8821,2026-09-13 23:33:14
612,POTHOLE,0.73,3.2,MEDIUM,340,263,372,289,SURFACE_CAVITY_AI,26.736395,83.400579,Mohaddipur Chauraha -> AIIMS Gorakhpur Transit Stop,UPSRTC-UP53-8821,2026-09-13 23:33:14
621,POTHOLE,0.92,15.0,CRITICAL,307,306,376,403,SURFACE_CAVITY_AI,26.735471,83.401659,Mohaddipur Chauraha -> AIIMS Gorakhpur Transit Stop,UPSRTC-UP53-8821,2026-09-13 23:33:14
621,POTHOLE,0.75,5.0,HIGH,14,242,93,268,SURFACE_CAVITY_AI,26.735471,83.401659,Mohaddipur Chauraha -> AIIMS Gorakhpur Transit Stop,UPSRTC-UP53-8821,2026-09-13 23:33:14
621,POTHOLE,0.72,2.7,MEDIUM,137,260,156,268,SURFACE_CAVITY_AI,26.735471,83.401659,Mohaddipur Chauraha -> AIIMS Gorakhpur Transit Stop,UPSRTC-UP53-8821,2026-09-13 23:33:14
621,POTHOLE,0.72,2.9,MEDIUM,113,232,144,244,SURFACE_CAVITY_AI,26.735471,83.401659,Mohaddipur Chauraha -> AIIMS Gorakhpur Transit Stop,UPSRTC-UP53-8821,2026-09-13 23:33:14
630,POTHOLE,0.74,3.9,MEDIUM,13,251,59,268,SURFACE_CAVITY_AI,26.734427,83.402881,Mohaddipur Chauraha -> AIIMS Gorakhpur Transit Stop,UPSRTC-UP53-8821,2026-09-13 23:33:15
630,POTHOLE,0.73,3.2,MEDIUM,87,235,120,251,SURFACE_CAVITY_AI,26.734427,83.402881,Mohaddipur Chauraha -> AIIMS Gorakhpur Transit Stop,UPSRTC-UP53-8821,2026-09-13 23:33:15
630,POTHOLE,0.72,2.8,MEDIUM,290,257,307,266,SURFACE_CAVITY_AI,26.734427,83.402881,Mohaddipur Chauraha -> AIIMS Gorakhpur Transit Stop,UPSRTC-UP53-8821,2026-09-13 23:33:15
630,POTHOLE,0.72,2.8,MEDIUM,324,257,347,270,SURFACE_CAVITY_AI,26.734427,83.402881,Mohaddipur Chauraha -> AIIMS Gorakhpur Transit Stop,UPSRTC-UP53-8821,2026-09-13 23:33:15
639,POTHOLE,0.73,3.4,MEDIUM,304,225,347,249,SURFACE_CAVITY_AI,26.733285,83.404216,Mohaddipur Chauraha -> AIIMS Gorakhpur Transit Stop,UPSRTC-UP53-8821,2026-09-13 23:33:15
639,POTHOLE,0.72,2.7,MEDIUM,349,224,370,232,SURFACE_CAVITY_AI,26.733285,83.404216,Mohaddipur Chauraha -> AIIMS Gorakhpur Transit Stop,UPSRTC-UP53-8821,2026-09-13 23:33:15
657,POTHOLE,0.73,3.8,MEDIUM,308,265,369,293,SURFACE_CAVITY_AI,26.730812,83.407109,Mohaddipur Chauraha -> AIIMS Gorakhpur Transit Stop,UPSRTC-UP53-8821,2026-09-13 23:33:16
657,POTHOLE,0.72,2.7,MEDIUM,206,236,223,243,SURFACE_CAVITY_AI,26.730812,83.407109,Mohaddipur Chauraha -> AIIMS Gorakhpur Transit Stop,UPSRTC-UP53-8821,2026-09-13 23:33:16
657,POTHOLE,0.72,2.7,MEDIUM,307,364,319,374,SURFACE_CAVITY_AI,26.730812,83.407109,Mohaddipur Chauraha -> AIIMS Gorakhpur Transit Stop,UPSRTC-UP53-8821,2026-09-13 23:33:16
666,POTHOLE,0.79,8.9,CRITICAL,307,347,376,403,SURFACE_CAVITY_AI,26.729536,83.408601,Mohaddipur Chauraha -> AIIMS Gorakhpur Transit Stop,UPSRTC-UP53-8821,2026-09-13 23:33:17
666,POTHOLE,0.73,3.3,MEDIUM,260,227,295,252,SURFACE_CAVITY_AI,26.729536,83.408601,Mohaddipur Chauraha -> AIIMS Gorakhpur Transit Stop,UPSRTC-UP53-8821,2026-09-13 23:33:17
666,POTHOLE,0.72,2.8,MEDIUM,220,253,236,268,SURFACE_CAVITY_AI,26.729536,83.408601,Mohaddipur Chauraha -> AIIMS Gorakhpur Transit Stop,UPSRTC-UP53-8821,2026-09-13 23:33:17
666,POTHOLE,0.72,2.8,MEDIUM,247,252,267,268,SURFACE_CAVITY_AI,26.729536,83.408601,Mohaddipur Chauraha -> AIIMS Gorakhpur Transit Stop,UPSRTC-UP53-8821,2026-09-13 23:33:17
675,POTHOLE,0.76,6.3,HIGH,332,290,374,343,SURFACE_CAVITY_AI,26.728271,83.41008,Mohaddipur Chauraha -> AIIMS Gorakhpur Transit Stop,UPSRTC-UP53-8821,2026-09-13 23:33:17
675,POTHOLE,0.72,2.7,MEDIUM,216,237,238,244,SURFACE_CAVITY_AI,26.728271,83.41008,Mohaddipur Chauraha -> AIIMS Gorakhpur Transit Stop,UPSRTC-UP53-8821,2026-09-13 23:33:17
675,POTHOLE,0.73,3.0,MEDIUM,350,352,375,373,SURFACE_CAVITY_AI,26.728271,83.41008,Mohaddipur Chauraha -> AIIMS Gorakhpur Transit Stop,UPSRTC-UP53-8821,2026-09-13 23:33:17
675,POTHOLE,0.72,2.9,MEDIUM,273,245,297,255,SURFACE_CAVITY_AI,26.728271,83.41008,Mohaddipur Chauraha -> AIIMS Gorakhpur Transit Stop,UPSRTC-UP53-8821,2026-09-13 23:33:17
684,POTHOLE,0.72,2.7,MEDIUM,317,395,340,403,SURFACE_CAVITY_AI,26.727046,83.411513,Mohaddipur Chauraha -> AIIMS Gorakhpur Transit Stop,UPSRTC-UP53-8821,2026-09-13 23:33:18
684,POTHOLE,0.72,2.7,MEDIUM,350,394,376,401,SURFACE_CAVITY_AI,26.727046,83.411513,Mohaddipur Chauraha -> AIIMS Gorakhpur Transit Stop,UPSRTC-UP53-8821,2026-09-13 23:33:18
684,POTHOLE,0.74,4.1,HIGH,175,239,212,268,SURFACE_CAVITY_AI,26.727046,83.411513,Mohaddipur Chauraha -> AIIMS Gorakhpur Transit Stop,UPSRTC-UP53-8821,2026-09-13 23:33:18
684,POTHOLE,0.72,2.7,MEDIUM,317,323,332,330,SURFACE_CAVITY_AI,26.727046,83.411513,Mohaddipur Chauraha -> AIIMS Gorakhpur Transit Stop,UPSRTC-UP53-8821,2026-09-13 23:33:18
693,POTHOLE,0.83,12.5,CRITICAL,307,317,376,402,SURFACE_CAVITY_AI,26.725888,83.412868,Mohaddipur Chauraha -> AIIMS Gorakhpur Transit Stop,UPSRTC-UP53-8821,2026-09-13 23:33:18
693,POTHOLE,0.73,3.1,MEDIUM,307,390,354,403,SURFACE_CAVITY_AI,26.725888,83.412868,Mohaddipur Chauraha -> AIIMS Gorakhpur Transit Stop,UPSRTC-UP53-8821,2026-09-13 23:33:18
693,POTHOLE,0.73,3.0,MEDIUM,116,257,147,268,SURFACE_CAVITY_AI,26.725888,83.412868,Mohaddipur Chauraha -> AIIMS Gorakhpur Transit Stop,UPSRTC-UP53-8821,2026-09-13 23:33:18
693,POTHOLE,0.72,2.9,MEDIUM,309,309,330,327,SURFACE_CAVITY_AI,26.725888,83.412868,Mohaddipur Chauraha -> AIIMS Gorakhpur Transit Stop,UPSRTC-UP53-8821,2026-09-13 23:33:18
702,POTHOLE,0.73,3.8,MEDIUM,307,359,371,403,SURFACE_CAVITY_AI,26.724823,83.414114,Mohaddipur Chauraha -> AIIMS Gorakhpur Transit Stop,UPSRTC-UP53-8821,2026-09-13 23:33:19
702,POTHOLE,0.75,5.5,HIGH,165,229,231,268,SURFACE_CAVITY_AI,26.724823,83.414114,Mohaddipur Chauraha -> AIIMS Gorakhpur Transit Stop,UPSRTC-UP53-8821,2026-09-13 23:33:19
702,POTHOLE,0.72,2.8,MEDIUM,307,331,323,352,SURFACE_CAVITY_AI,26.724823,83.414114,Mohaddipur Chauraha -> AIIMS Gorakhpur Transit Stop,UPSRTC-UP53-8821,2026-09-13 23:33:19
702,POTHOLE,0.72,2.8,MEDIUM,345,303,371,311,SURFACE_CAVITY_AI,26.724823,83.414114,Mohaddipur Chauraha -> AIIMS Gorakhpur Transit Stop,UPSRTC-UP53-8821,2026-09-13 23:33:19
711,POTHOLE,0.75,5.3,HIGH,307,337,364,403,SURFACE_CAVITY_AI,26.723874,83.415223,Mohaddipur Chauraha -> AIIMS Gorakhpur Transit Stop,UPSRTC-UP53-8821,2026-09-13 23:33:19
711,POTHOLE,0.74,4.0,HIGH,353,356,376,403,SURFACE_CAVITY_AI,26.723874,83.415223,Mohaddipur Chauraha -> AIIMS Gorakhpur Transit Stop,UPSRTC-UP53-8821,2026-09-13 23:33:19
711,POTHOLE,0.72,2.8,MEDIUM,138,252,160,261,SURFACE_CAVITY_AI,26.723874,83.415223,Mohaddipur Chauraha -> AIIMS Gorakhpur Transit Stop,UPSRTC-UP53-8821,2026-09-13 23:33:19
711,POTHOLE,0.72,2.8,MEDIUM,340,359,352,382,SURFACE_CAVITY_AI,26.723874,83.415223,Mohaddipur Chauraha -> AIIMS Gorakhpur Transit Stop,UPSRTC-UP53-8821,2026-09-13 23:33:19
720,POTHOLE,0.72,2.9,MEDIUM,307,342,326,359,SURFACE_CAVITY_AI,26.723063,83.416172,Mohaddipur Chauraha -> AIIMS Gorakhpur Transit Stop,UPSRTC-UP53-8821,2026-09-13 23:33:20
720,POTHOLE,0.74,4.0,HIGH,325,365,373,403,SURFACE_CAVITY_AI,26.723063,83.416172,Mohaddipur Chauraha -> AIIMS Gorakhpur Transit Stop,UPSRTC-UP53-8821,2026-09-13 23:33:20
720,POTHOLE,0.72,2.8,MEDIUM,325,352,351,381,SURFACE_CAVITY_AI,26.723063,83.416172,Mohaddipur Chauraha -> AIIMS Gorakhpur Transit Stop,UPSRTC-UP53-8821,2026-09-13 23:33:20
720,POTHOLE,0.72,2.7,MEDIUM,312,363,324,384,SURFACE_CAVITY_AI,26.723063,83.416172,Mohaddipur Chauraha -> AIIMS Gorakhpur Transit Stop,UPSRTC-UP53-8821,2026-09-13 23:33:20
729,POTHOLE,0.75,5.1,HIGH,323,335,376,403,SURFACE_CAVITY_AI,26.722407,83.416939,Mohaddipur Chauraha -> AIIMS Gorakhpur Transit Stop,UPSRTC-UP53-8821,2026-09-13 23:33:20
729,POTHOLE,0.73,3.0,MEDIUM,307,336,339,356,SURFACE_CAVITY_AI,26.722407,83.416939,Mohaddipur Chauraha -> AIIMS Gorakhpur Transit Stop,UPSRTC-UP53-8821,2026-09-13 23:33:20
729,POTHOLE,0.72,2.7,MEDIUM,189,227,205,236,SURFACE_CAVITY_AI,26.722407,83.416939,Mohaddipur Chauraha -> AIIMS Gorakhpur Transit Stop,UPSRTC-UP53-8821,2026-09-13 23:33:20
738,POTHOLE,0.8,9.4,CRITICAL,307,316,376,403,SURFACE_CAVITY_AI,26.721922,83.417507,Mohaddipur Chauraha -> AIIMS Gorakhpur Transit Stop,UPSRTC-UP53-8821,2026-09-13 23:33:21
738,POTHOLE,0.73,3.0,MEDIUM,235,241,263,252,SURFACE_CAVITY_AI,26.721922,83.417507,Mohaddipur Chauraha -> AIIMS Gorakhpur Transit Stop,UPSRTC-UP53-8821,2026-09-13 23:33:21
747,POTHOLE,0.76,6.5,CRITICAL,307,275,375,363,SURFACE_CAVITY_AI,26.721618,83.417863,Mohaddipur Chauraha -> AIIMS Gorakhpur Transit Stop,UPSRTC-UP53-8821,2026-09-13 23:33:21
747,POTHOLE,0.72,2.8,MEDIUM,364,315,374,336,SURFACE_CAVITY_AI,26.721618,83.417863,Mohaddipur Chauraha -> AIIMS Gorakhpur Transit Stop,UPSRTC-UP53-8821,2026-09-13 23:33:21
747,POTHOLE,0.72,2.7,MEDIUM,352,301,362,320,SURFACE_CAVITY_AI,26.721618,83.417863,Mohaddipur Chauraha -> AIIMS Gorakhpur Transit Stop,UPSRTC-UP53-8821,2026-09-13 23:33:21
747,POTHOLE,0.73,3.8,MEDIUM,292,237,343,273,SURFACE_CAVITY_AI,26.721618,83.417863,Mohaddipur Chauraha -> AIIMS Gorakhpur Transit Stop,UPSRTC-UP53-8821,2026-09-13 23:33:21
756,POTHOLE,0.74,4.0,HIGH,262,237,305,268,SURFACE_CAVITY_AI,26.721501,83.417999,Mohaddipur Chauraha -> AIIMS Gorakhpur Transit Stop,UPSRTC-UP53-8821,2026-09-13 23:33:21
756,POTHOLE,0.73,3.1,MEDIUM,307,363,322,380,SURFACE_CAVITY_AI,26.721501,83.417999,Mohaddipur Chauraha -> AIIMS Gorakhpur Transit Stop,UPSRTC-UP53-8821,2026-09-13 23:33:21
756,POTHOLE,0.76,6.1,HIGH,307,251,374,326,SURFACE_CAVITY_AI,26.721501,83.417999,Mohaddipur Chauraha -> AIIMS Gorakhpur Transit Stop,UPSRTC-UP53-8821,2026-09-13 23:33:21
756,POTHOLE,0.73,3.1,MEDIUM,320,232,370,254,SURFACE_CAVITY_AI,26.721501,83.417999,Mohaddipur Chauraha -> AIIMS Gorakhpur Transit Stop,UPSRTC-UP53-8821,2026-09-13 23:33:21
